paper_id,title,publication_date,doi,pmid,entity,entity_type,confidence,start,end
42593827,Quantifying the Equine Pain Response to Paracetamol Administration in Horses With Chronic Lameness Already Receiving Non-Steroidal Anti-Inflammatories.,2026-09-01,10.1002/vms3.71098,42593827,pain,Disease,0.979343831539154,23,27
42593827,Quantifying the Equine Pain Response to Paracetamol Administration in Horses With Chronic Lameness Already Receiving Non-Steroidal Anti-Inflammatories.,2026-09-01,10.1002/vms3.71098,42593827,paracetamol,Chemical,0.9976231455802917,40,51
42593827,Quantifying the Equine Pain Response to Paracetamol Administration in Horses With Chronic Lameness Already Receiving Non-Steroidal Anti-Inflammatories.,2026-09-01,10.1002/vms3.71098,42593827,lameness,Disease,0.8158385753631592,90,98
42593827,Quantifying the Equine Pain Response to Paracetamol Administration in Horses With Chronic Lameness Already Receiving Non-Steroidal Anti-Inflammatories.,2026-09-01,10.1002/vms3.71098,42593827,paracetamol,Chemical,0.9965876340866089,151,162
42593827,Quantifying the Equine Pain Response to Paracetamol Administration in Horses With Chronic Lameness Already Receiving Non-Steroidal Anti-Inflammatories.,2026-09-01,10.1002/vms3.71098,42593827,lameness,Disease,0.8450924754142761,563,571
42593827,Quantifying the Equine Pain Response to Paracetamol Administration in Horses With Chronic Lameness Already Receiving Non-Steroidal Anti-Inflammatories.,2026-09-01,10.1002/vms3.71098,42593827,lameness,Disease,0.8778036832809448,703,711
42593827,Quantifying the Equine Pain Response to Paracetamol Administration in Horses With Chronic Lameness Already Receiving Non-Steroidal Anti-Inflammatories.,2026-09-01,10.1002/vms3.71098,42593827,paracetamol,Chemical,0.9974644184112549,926,937
42593827,Quantifying the Equine Pain Response to Paracetamol Administration in Horses With Chronic Lameness Already Receiving Non-Steroidal Anti-Inflammatories.,2026-09-01,10.1002/vms3.71098,42593827,paracetamol,Chemical,0.996891438961029,1010,1021
42593827,Quantifying the Equine Pain Response to Paracetamol Administration in Horses With Chronic Lameness Already Receiving Non-Steroidal Anti-Inflammatories.,2026-09-01,10.1002/vms3.71098,42593827,lameness,Disease,0.9556068181991577,1139,1147
42593827,Quantifying the Equine Pain Response to Paracetamol Administration in Horses With Chronic Lameness Already Receiving Non-Steroidal Anti-Inflammatories.,2026-09-01,10.1002/vms3.71098,42593827,lameness,Disease,0.9513860940933228,1300,1308
42593827,Quantifying the Equine Pain Response to Paracetamol Administration in Horses With Chronic Lameness Already Receiving Non-Steroidal Anti-Inflammatories.,2026-09-01,10.1002/vms3.71098,42593827,lameness,Disease,0.9328067302703857,1347,1355
42593827,Quantifying the Equine Pain Response to Paracetamol Administration in Horses With Chronic Lameness Already Receiving Non-Steroidal Anti-Inflammatories.,2026-09-01,10.1002/vms3.71098,42593827,lameness,Disease,0.9602948427200317,1441,1449
42593827,Quantifying the Equine Pain Response to Paracetamol Administration in Horses With Chronic Lameness Already Receiving Non-Steroidal Anti-Inflammatories.,2026-09-01,10.1002/vms3.71098,42593827,paracetamol,Chemical,0.9979416728019714,1562,1573
42593827,Quantifying the Equine Pain Response to Paracetamol Administration in Horses With Chronic Lameness Already Receiving Non-Steroidal Anti-Inflammatories.,2026-09-01,10.1002/vms3.71098,42593827,lameness,Disease,0.9832088947296143,1619,1627
42538346,Paracetamol as analgesic and risk of bronchopulmonary dysplasia in extremely preterm infants: a secondary analysis of the BeNeDuctus trial.,2026-07-31,10.1038/s41390-026-05352-2,42538346,paracetamol,Chemical,0.9980475902557373,0,11
42538346,Paracetamol as analgesic and risk of bronchopulmonary dysplasia in extremely preterm infants: a secondary analysis of the BeNeDuctus trial.,2026-07-31,10.1038/s41390-026-05352-2,42538346,bronchopulmonary dysplasia,Disease,0.9952433705329895,37,63
42538346,Paracetamol as analgesic and risk of bronchopulmonary dysplasia in extremely preterm infants: a secondary analysis of the BeNeDuctus trial.,2026-07-31,10.1038/s41390-026-05352-2,42538346,paracetamol,Chemical,0.998204231262207,150,161
42538346,Paracetamol as analgesic and risk of bronchopulmonary dysplasia in extremely preterm infants: a secondary analysis of the BeNeDuctus trial.,2026-07-31,10.1038/s41390-026-05352-2,42538346,patent ductus arteriosus,Disease,0.9951207041740417,209,233
42538346,Paracetamol as analgesic and risk of bronchopulmonary dysplasia in extremely preterm infants: a secondary analysis of the BeNeDuctus trial.,2026-07-31,10.1038/s41390-026-05352-2,42538346,pda,Disease,0.9886077642440796,235,238
42538346,Paracetamol as analgesic and risk of bronchopulmonary dysplasia in extremely preterm infants: a secondary analysis of the BeNeDuctus trial.,2026-07-31,10.1038/s41390-026-05352-2,42538346,pda,Disease,0.9780082106590271,376,379
42538346,Paracetamol as analgesic and risk of bronchopulmonary dysplasia in extremely preterm infants: a secondary analysis of the BeNeDuctus trial.,2026-07-31,10.1038/s41390-026-05352-2,42538346,ibuprofen,Chemical,0.9977734684944153,398,407
42538346,Paracetamol as analgesic and risk of bronchopulmonary dysplasia in extremely preterm infants: a secondary analysis of the BeNeDuctus trial.,2026-07-31,10.1038/s41390-026-05352-2,42538346,paracetamol,Chemical,0.9976462721824646,554,565
42538346,Paracetamol as analgesic and risk of bronchopulmonary dysplasia in extremely preterm infants: a secondary analysis of the BeNeDuctus trial.,2026-07-31,10.1038/s41390-026-05352-2,42538346,ibuprofen,Chemical,0.9980379939079285,576,585
42538346,Paracetamol as analgesic and risk of bronchopulmonary dysplasia in extremely preterm infants: a secondary analysis of the BeNeDuctus trial.,2026-07-31,10.1038/s41390-026-05352-2,42538346,paracetamol,Chemical,0.9971593618392944,596,607
42538346,Paracetamol as analgesic and risk of bronchopulmonary dysplasia in extremely preterm infants: a secondary analysis of the BeNeDuctus trial.,2026-07-31,10.1038/s41390-026-05352-2,42538346,ibuprofen,Chemical,0.9971166849136353,612,621
42538346,Paracetamol as analgesic and risk of bronchopulmonary dysplasia in extremely preterm infants: a secondary analysis of the BeNeDuctus trial.,2026-07-31,10.1038/s41390-026-05352-2,42538346,paracetamol,Chemical,0.9971950054168701,898,909
42538346,Paracetamol as analgesic and risk of bronchopulmonary dysplasia in extremely preterm infants: a secondary analysis of the BeNeDuctus trial.,2026-07-31,10.1038/s41390-026-05352-2,42538346,ibuprofen,Chemical,0.9976118803024292,942,951
42538346,Paracetamol as analgesic and risk of bronchopulmonary dysplasia in extremely preterm infants: a secondary analysis of the BeNeDuctus trial.,2026-07-31,10.1038/s41390-026-05352-2,42538346,paracetamol,Chemical,0.9973606467247009,987,998
42538346,Paracetamol as analgesic and risk of bronchopulmonary dysplasia in extremely preterm infants: a secondary analysis of the BeNeDuctus trial.,2026-07-31,10.1038/s41390-026-05352-2,42538346,ibuprofen,Chemical,0.9971428513526917,1003,1012
42538346,Paracetamol as analgesic and risk of bronchopulmonary dysplasia in extremely preterm infants: a secondary analysis of the BeNeDuctus trial.,2026-07-31,10.1038/s41390-026-05352-2,42538346,bpd,Disease,0.9925768971443176,1098,1101
42538346,Paracetamol as analgesic and risk of bronchopulmonary dysplasia in extremely preterm infants: a secondary analysis of the BeNeDuctus trial.,2026-07-31,10.1038/s41390-026-05352-2,42538346,paracetamol,Chemical,0.9979719519615173,1135,1146
42538346,Paracetamol as analgesic and risk of bronchopulmonary dysplasia in extremely preterm infants: a secondary analysis of the BeNeDuctus trial.,2026-07-31,10.1038/s41390-026-05352-2,42538346,pain,Disease,0.88161301612854,1157,1161
42538346,Paracetamol as analgesic and risk of bronchopulmonary dysplasia in extremely preterm infants: a secondary analysis of the BeNeDuctus trial.,2026-07-31,10.1038/s41390-026-05352-2,42538346,bpd,Disease,0.9920350909233093,1215,1218
42538346,Paracetamol as analgesic and risk of bronchopulmonary dysplasia in extremely preterm infants: a secondary analysis of the BeNeDuctus trial.,2026-07-31,10.1038/s41390-026-05352-2,42538346,paracetamol,Chemical,0.9981156587600708,1294,1305
42538346,Paracetamol as analgesic and risk of bronchopulmonary dysplasia in extremely preterm infants: a secondary analysis of the BeNeDuctus trial.,2026-07-31,10.1038/s41390-026-05352-2,42538346,paracetamol,Chemical,0.9982195496559143,1366,1377
42538346,Paracetamol as analgesic and risk of bronchopulmonary dysplasia in extremely preterm infants: a secondary analysis of the BeNeDuctus trial.,2026-07-31,10.1038/s41390-026-05352-2,42538346,patent ductus arteriosus,Disease,0.9951456785202026,1431,1455
42538346,Paracetamol as analgesic and risk of bronchopulmonary dysplasia in extremely preterm infants: a secondary analysis of the BeNeDuctus trial.,2026-07-31,10.1038/s41390-026-05352-2,42538346,pda,Disease,0.9875929951667786,1457,1460
42538346,Paracetamol as analgesic and risk of bronchopulmonary dysplasia in extremely preterm infants: a secondary analysis of the BeNeDuctus trial.,2026-07-31,10.1038/s41390-026-05352-2,42538346,paracetamol,Chemical,0.998166561126709,1563,1574
42538346,Paracetamol as analgesic and risk of bronchopulmonary dysplasia in extremely preterm infants: a secondary analysis of the BeNeDuctus trial.,2026-07-31,10.1038/s41390-026-05352-2,42538346,paracetamol,Chemical,0.9983417987823486,1740,1751
42538346,Paracetamol as analgesic and risk of bronchopulmonary dysplasia in extremely preterm infants: a secondary analysis of the BeNeDuctus trial.,2026-07-31,10.1038/s41390-026-05352-2,42538346,pda,Disease,0.9918789863586426,1776,1779
42541539,Paracetamol (acetaminophen) intoxication and basal fatty tubular vacuolisation: a case-control study and review of the literature.,2026-08-01,10.1007/s00414-026-03942-7,42541539,paracetamol,Chemical,0.9978565573692322,0,11
42541539,Paracetamol (acetaminophen) intoxication and basal fatty tubular vacuolisation: a case-control study and review of the literature.,2026-08-01,10.1007/s00414-026-03942-7,42541539,acetaminophen,Chemical,0.9967430233955383,13,26
42541539,Paracetamol (acetaminophen) intoxication and basal fatty tubular vacuolisation: a case-control study and review of the literature.,2026-08-01,10.1007/s00414-026-03942-7,42541539,ketoacidosis,Disease,0.9900322556495667,218,230
42541539,Paracetamol (acetaminophen) intoxication and basal fatty tubular vacuolisation: a case-control study and review of the literature.,2026-08-01,10.1007/s00414-026-03942-7,42541539,paracetamol,Chemical,0.9954125285148621,249,260
42541539,Paracetamol (acetaminophen) intoxication and basal fatty tubular vacuolisation: a case-control study and review of the literature.,2026-08-01,10.1007/s00414-026-03942-7,42541539,paracetamol,Chemical,0.9978011250495911,297,308
42541539,Paracetamol (acetaminophen) intoxication and basal fatty tubular vacuolisation: a case-control study and review of the literature.,2026-08-01,10.1007/s00414-026-03942-7,42541539,overdose,Disease,0.7732463479042053,312,320
42541539,Paracetamol (acetaminophen) intoxication and basal fatty tubular vacuolisation: a case-control study and review of the literature.,2026-08-01,10.1007/s00414-026-03942-7,42541539,nephrotoxic,Disease,0.9332208633422852,340,351
42541539,Paracetamol (acetaminophen) intoxication and basal fatty tubular vacuolisation: a case-control study and review of the literature.,2026-08-01,10.1007/s00414-026-03942-7,42541539,ketoacidosis,Disease,0.9884048104286194,371,383
42541539,Paracetamol (acetaminophen) intoxication and basal fatty tubular vacuolisation: a case-control study and review of the literature.,2026-08-01,10.1007/s00414-026-03942-7,42541539,paracetamol,Chemical,0.9926734566688538,441,452
42541539,Paracetamol (acetaminophen) intoxication and basal fatty tubular vacuolisation: a case-control study and review of the literature.,2026-08-01,10.1007/s00414-026-03942-7,42541539,paracetamol,Chemical,0.994929313659668,575,586
42541539,Paracetamol (acetaminophen) intoxication and basal fatty tubular vacuolisation: a case-control study and review of the literature.,2026-08-01,10.1007/s00414-026-03942-7,42541539,formalin,Chemical,0.9528879523277283,1039,1047
42541539,Paracetamol (acetaminophen) intoxication and basal fatty tubular vacuolisation: a case-control study and review of the literature.,2026-08-01,10.1007/s00414-026-03942-7,42541539,paracetamol,Chemical,0.9897509217262268,1302,1313
42541539,Paracetamol (acetaminophen) intoxication and basal fatty tubular vacuolisation: a case-control study and review of the literature.,2026-08-01,10.1007/s00414-026-03942-7,42541539,formalin,Chemical,0.950014591217041,1516,1524
42541539,Paracetamol (acetaminophen) intoxication and basal fatty tubular vacuolisation: a case-control study and review of the literature.,2026-08-01,10.1007/s00414-026-03942-7,42541539,paracetamol,Chemical,0.9930077791213989,1717,1728
42541539,Paracetamol (acetaminophen) intoxication and basal fatty tubular vacuolisation: a case-control study and review of the literature.,2026-08-01,10.1007/s00414-026-03942-7,42541539,paracetamol,Chemical,0.9944922924041748,1805,1816
42541539,Paracetamol (acetaminophen) intoxication and basal fatty tubular vacuolisation: a case-control study and review of the literature.,2026-08-01,10.1007/s00414-026-03942-7,42541539,toxicity,Disease,0.761829137802124,1817,1825
42541539,Paracetamol (acetaminophen) intoxication and basal fatty tubular vacuolisation: a case-control study and review of the literature.,2026-08-01,10.1007/s00414-026-03942-7,42541539,ketoacidosis,Disease,0.9924915432929993,1834,1846
42589699,"pH-Responsive Carboxymethyl Cellulose-Encapsulating Hesperidin-Selenium Nanoparticles Attenuate Paracetamol-Induced Acute Kidney Injury via Keap-1/Nrf2, NF-κB, and Mitochondrial Apoptosis Modulation.",2026-08-06,10.3390/ijms27157049,42589699,carboxymethyl cellulose,Chemical,0.9726238250732422,14,37
42589699,"pH-Responsive Carboxymethyl Cellulose-Encapsulating Hesperidin-Selenium Nanoparticles Attenuate Paracetamol-Induced Acute Kidney Injury via Keap-1/Nrf2, NF-κB, and Mitochondrial Apoptosis Modulation.",2026-08-06,10.3390/ijms27157049,42589699,hesperidin,Chemical,0.9966886639595032,52,62
42589699,"pH-Responsive Carboxymethyl Cellulose-Encapsulating Hesperidin-Selenium Nanoparticles Attenuate Paracetamol-Induced Acute Kidney Injury via Keap-1/Nrf2, NF-κB, and Mitochondrial Apoptosis Modulation.",2026-08-06,10.3390/ijms27157049,42589699,selenium,Chemical,0.7344556450843811,63,71
42589699,"pH-Responsive Carboxymethyl Cellulose-Encapsulating Hesperidin-Selenium Nanoparticles Attenuate Paracetamol-Induced Acute Kidney Injury via Keap-1/Nrf2, NF-κB, and Mitochondrial Apoptosis Modulation.",2026-08-06,10.3390/ijms27157049,42589699,paracetamol,Chemical,0.997829020023346,96,107
42589699,"pH-Responsive Carboxymethyl Cellulose-Encapsulating Hesperidin-Selenium Nanoparticles Attenuate Paracetamol-Induced Acute Kidney Injury via Keap-1/Nrf2, NF-κB, and Mitochondrial Apoptosis Modulation.",2026-08-06,10.3390/ijms27157049,42589699,acute kidney injury,Disease,0.9791229367256165,116,135
42589699,"pH-Responsive Carboxymethyl Cellulose-Encapsulating Hesperidin-Selenium Nanoparticles Attenuate Paracetamol-Induced Acute Kidney Injury via Keap-1/Nrf2, NF-κB, and Mitochondrial Apoptosis Modulation.",2026-08-06,10.3390/ijms27157049,42589699,paracetamol,Chemical,0.9940522313117981,199,210
42589699,"pH-Responsive Carboxymethyl Cellulose-Encapsulating Hesperidin-Selenium Nanoparticles Attenuate Paracetamol-Induced Acute Kidney Injury via Keap-1/Nrf2, NF-κB, and Mitochondrial Apoptosis Modulation.",2026-08-06,10.3390/ijms27157049,42589699,acute kidney injury,Disease,0.9841415286064148,253,272
42589699,"pH-Responsive Carboxymethyl Cellulose-Encapsulating Hesperidin-Selenium Nanoparticles Attenuate Paracetamol-Induced Acute Kidney Injury via Keap-1/Nrf2, NF-κB, and Mitochondrial Apoptosis Modulation.",2026-08-06,10.3390/ijms27157049,42589699,aki,Disease,0.9892130494117737,274,277
42589699,"pH-Responsive Carboxymethyl Cellulose-Encapsulating Hesperidin-Selenium Nanoparticles Attenuate Paracetamol-Induced Acute Kidney Injury via Keap-1/Nrf2, NF-κB, and Mitochondrial Apoptosis Modulation.",2026-08-06,10.3390/ijms27157049,42589699,carboxymethyl cellulose,Chemical,0.9610567092895508,439,462
42589699,"pH-Responsive Carboxymethyl Cellulose-Encapsulating Hesperidin-Selenium Nanoparticles Attenuate Paracetamol-Induced Acute Kidney Injury via Keap-1/Nrf2, NF-κB, and Mitochondrial Apoptosis Modulation.",2026-08-06,10.3390/ijms27157049,42589699,hesperidin,Chemical,0.9962660670280457,476,486
42589699,"pH-Responsive Carboxymethyl Cellulose-Encapsulating Hesperidin-Selenium Nanoparticles Attenuate Paracetamol-Induced Acute Kidney Injury via Keap-1/Nrf2, NF-κB, and Mitochondrial Apoptosis Modulation.",2026-08-06,10.3390/ijms27157049,42589699,selenium,Chemical,0.9772286415100098,498,506
42589699,"pH-Responsive Carboxymethyl Cellulose-Encapsulating Hesperidin-Selenium Nanoparticles Attenuate Paracetamol-Induced Acute Kidney Injury via Keap-1/Nrf2, NF-κB, and Mitochondrial Apoptosis Modulation.",2026-08-06,10.3390/ijms27157049,42589699,hes,Chemical,0.9484450817108154,526,529
42589699,"pH-Responsive Carboxymethyl Cellulose-Encapsulating Hesperidin-Selenium Nanoparticles Attenuate Paracetamol-Induced Acute Kidney Injury via Keap-1/Nrf2, NF-κB, and Mitochondrial Apoptosis Modulation.",2026-08-06,10.3390/ijms27157049,42589699,paracetamol,Chemical,0.9973564147949219,545,556
42589699,"pH-Responsive Carboxymethyl Cellulose-Encapsulating Hesperidin-Selenium Nanoparticles Attenuate Paracetamol-Induced Acute Kidney Injury via Keap-1/Nrf2, NF-κB, and Mitochondrial Apoptosis Modulation.",2026-08-06,10.3390/ijms27157049,42589699,aki,Disease,0.9919729232788086,565,568
42589699,"pH-Responsive Carboxymethyl Cellulose-Encapsulating Hesperidin-Selenium Nanoparticles Attenuate Paracetamol-Induced Acute Kidney Injury via Keap-1/Nrf2, NF-κB, and Mitochondrial Apoptosis Modulation.",2026-08-06,10.3390/ijms27157049,42589699,hes,Chemical,0.8136860132217407,577,580
42589699,"pH-Responsive Carboxymethyl Cellulose-Encapsulating Hesperidin-Selenium Nanoparticles Attenuate Paracetamol-Induced Acute Kidney Injury via Keap-1/Nrf2, NF-κB, and Mitochondrial Apoptosis Modulation.",2026-08-06,10.3390/ijms27157049,42589699,hesperidin,Chemical,0.9946628212928772,610,620
42589699,"pH-Responsive Carboxymethyl Cellulose-Encapsulating Hesperidin-Selenium Nanoparticles Attenuate Paracetamol-Induced Acute Kidney Injury via Keap-1/Nrf2, NF-κB, and Mitochondrial Apoptosis Modulation.",2026-08-06,10.3390/ijms27157049,42589699,paracetamol,Chemical,0.9956814050674438,847,858
42589699,"pH-Responsive Carboxymethyl Cellulose-Encapsulating Hesperidin-Selenium Nanoparticles Attenuate Paracetamol-Induced Acute Kidney Injury via Keap-1/Nrf2, NF-κB, and Mitochondrial Apoptosis Modulation.",2026-08-06,10.3390/ijms27157049,42589699,paracetamol,Chemical,0.9841894507408142,866,877
42589699,"pH-Responsive Carboxymethyl Cellulose-Encapsulating Hesperidin-Selenium Nanoparticles Attenuate Paracetamol-Induced Acute Kidney Injury via Keap-1/Nrf2, NF-κB, and Mitochondrial Apoptosis Modulation.",2026-08-06,10.3390/ijms27157049,42589699,sodium selenite,Chemical,0.990687906742096,891,906
42589699,"pH-Responsive Carboxymethyl Cellulose-Encapsulating Hesperidin-Selenium Nanoparticles Attenuate Paracetamol-Induced Acute Kidney Injury via Keap-1/Nrf2, NF-κB, and Mitochondrial Apoptosis Modulation.",2026-08-06,10.3390/ijms27157049,42589699,paracetamol,Chemical,0.9821715950965881,917,928
42589699,"pH-Responsive Carboxymethyl Cellulose-Encapsulating Hesperidin-Selenium Nanoparticles Attenuate Paracetamol-Induced Acute Kidney Injury via Keap-1/Nrf2, NF-κB, and Mitochondrial Apoptosis Modulation.",2026-08-06,10.3390/ijms27157049,42589699,hesperidin,Chemical,0.9947137236595154,942,952
42589699,"pH-Responsive Carboxymethyl Cellulose-Encapsulating Hesperidin-Selenium Nanoparticles Attenuate Paracetamol-Induced Acute Kidney Injury via Keap-1/Nrf2, NF-κB, and Mitochondrial Apoptosis Modulation.",2026-08-06,10.3390/ijms27157049,42589699,hes,Chemical,0.8079419136047363,958,961
42589699,"pH-Responsive Carboxymethyl Cellulose-Encapsulating Hesperidin-Selenium Nanoparticles Attenuate Paracetamol-Induced Acute Kidney Injury via Keap-1/Nrf2, NF-κB, and Mitochondrial Apoptosis Modulation.",2026-08-06,10.3390/ijms27157049,42589699,paracetamol,Chemical,0.9814358353614807,964,975
42589699,"pH-Responsive Carboxymethyl Cellulose-Encapsulating Hesperidin-Selenium Nanoparticles Attenuate Paracetamol-Induced Acute Kidney Injury via Keap-1/Nrf2, NF-κB, and Mitochondrial Apoptosis Modulation.",2026-08-06,10.3390/ijms27157049,42589699,hesperidin,Chemical,0.9963880181312561,989,999
42589699,"pH-Responsive Carboxymethyl Cellulose-Encapsulating Hesperidin-Selenium Nanoparticles Attenuate Paracetamol-Induced Acute Kidney Injury via Keap-1/Nrf2, NF-κB, and Mitochondrial Apoptosis Modulation.",2026-08-06,10.3390/ijms27157049,42589699,selenium,Chemical,0.9593479037284851,1007,1015
42589699,"pH-Responsive Carboxymethyl Cellulose-Encapsulating Hesperidin-Selenium Nanoparticles Attenuate Paracetamol-Induced Acute Kidney Injury via Keap-1/Nrf2, NF-κB, and Mitochondrial Apoptosis Modulation.",2026-08-06,10.3390/ijms27157049,42589699,paracetamol,Chemical,0.9840341806411743,1051,1062
42589699,"pH-Responsive Carboxymethyl Cellulose-Encapsulating Hesperidin-Selenium Nanoparticles Attenuate Paracetamol-Induced Acute Kidney Injury via Keap-1/Nrf2, NF-κB, and Mitochondrial Apoptosis Modulation.",2026-08-06,10.3390/ijms27157049,42589699,carboxy methyl cellulose,Chemical,0.979020893573761,1076,1100
42589699,"pH-Responsive Carboxymethyl Cellulose-Encapsulating Hesperidin-Selenium Nanoparticles Attenuate Paracetamol-Induced Acute Kidney Injury via Keap-1/Nrf2, NF-κB, and Mitochondrial Apoptosis Modulation.",2026-08-06,10.3390/ijms27157049,42589699,hesperidin,Chemical,0.9957444071769714,1108,1118
42589699,"pH-Responsive Carboxymethyl Cellulose-Encapsulating Hesperidin-Selenium Nanoparticles Attenuate Paracetamol-Induced Acute Kidney Injury via Keap-1/Nrf2, NF-κB, and Mitochondrial Apoptosis Modulation.",2026-08-06,10.3390/ijms27157049,42589699,selenium,Chemical,0.9784303903579712,1126,1134
42589699,"pH-Responsive Carboxymethyl Cellulose-Encapsulating Hesperidin-Selenium Nanoparticles Attenuate Paracetamol-Induced Acute Kidney Injury via Keap-1/Nrf2, NF-κB, and Mitochondrial Apoptosis Modulation.",2026-08-06,10.3390/ijms27157049,42589699,paracetamol,Chemical,0.9950730204582214,1169,1180
42589699,"pH-Responsive Carboxymethyl Cellulose-Encapsulating Hesperidin-Selenium Nanoparticles Attenuate Paracetamol-Induced Acute Kidney Injury via Keap-1/Nrf2, NF-κB, and Mitochondrial Apoptosis Modulation.",2026-08-06,10.3390/ijms27157049,42589699,creatinine,Chemical,0.98445063829422,1226,1236
42589699,"pH-Responsive Carboxymethyl Cellulose-Encapsulating Hesperidin-Selenium Nanoparticles Attenuate Paracetamol-Induced Acute Kidney Injury via Keap-1/Nrf2, NF-κB, and Mitochondrial Apoptosis Modulation.",2026-08-06,10.3390/ijms27157049,42589699,urea,Chemical,0.9904116988182068,1238,1242
42589699,"pH-Responsive Carboxymethyl Cellulose-Encapsulating Hesperidin-Selenium Nanoparticles Attenuate Paracetamol-Induced Acute Kidney Injury via Keap-1/Nrf2, NF-κB, and Mitochondrial Apoptosis Modulation.",2026-08-06,10.3390/ijms27157049,42589699,hes,Chemical,0.8486901521682739,1494,1497
42589699,"pH-Responsive Carboxymethyl Cellulose-Encapsulating Hesperidin-Selenium Nanoparticles Attenuate Paracetamol-Induced Acute Kidney Injury via Keap-1/Nrf2, NF-κB, and Mitochondrial Apoptosis Modulation.",2026-08-06,10.3390/ijms27157049,42589699,hesperidin,Chemical,0.9953206181526184,1537,1547
42589699,"pH-Responsive Carboxymethyl Cellulose-Encapsulating Hesperidin-Selenium Nanoparticles Attenuate Paracetamol-Induced Acute Kidney Injury via Keap-1/Nrf2, NF-κB, and Mitochondrial Apoptosis Modulation.",2026-08-06,10.3390/ijms27157049,42589699,hes,Chemical,0.9514443278312683,1859,1862
42589699,"pH-Responsive Carboxymethyl Cellulose-Encapsulating Hesperidin-Selenium Nanoparticles Attenuate Paracetamol-Induced Acute Kidney Injury via Keap-1/Nrf2, NF-κB, and Mitochondrial Apoptosis Modulation.",2026-08-06,10.3390/ijms27157049,42589699,paracetamol,Chemical,0.9977952241897583,1935,1946
42589699,"pH-Responsive Carboxymethyl Cellulose-Encapsulating Hesperidin-Selenium Nanoparticles Attenuate Paracetamol-Induced Acute Kidney Injury via Keap-1/Nrf2, NF-κB, and Mitochondrial Apoptosis Modulation.",2026-08-06,10.3390/ijms27157049,42589699,aki,Disease,0.9913513660430908,1955,1958
42589699,"pH-Responsive Carboxymethyl Cellulose-Encapsulating Hesperidin-Selenium Nanoparticles Attenuate Paracetamol-Induced Acute Kidney Injury via Keap-1/Nrf2, NF-κB, and Mitochondrial Apoptosis Modulation.",2026-08-06,10.3390/ijms27157049,42589699,selenium,Chemical,0.9795385003089905,2129,2137
42589699,"pH-Responsive Carboxymethyl Cellulose-Encapsulating Hesperidin-Selenium Nanoparticles Attenuate Paracetamol-Induced Acute Kidney Injury via Keap-1/Nrf2, NF-κB, and Mitochondrial Apoptosis Modulation.",2026-08-06,10.3390/ijms27157049,42589699,aki,Disease,0.990254819393158,2194,2197
PPR1292743,Paracetamol Overdose in Children Presenting to a Pediatric Hospital: A Five-Year Retrospective Study on Incidence and Formulation Confusion,2026-08-06,10.21203/rs.3.rs-10328225/v1,,paracetamol,Chemical,0.9246758818626404,0,11
PPR1292743,Paracetamol Overdose in Children Presenting to a Pediatric Hospital: A Five-Year Retrospective Study on Incidence and Formulation Confusion,2026-08-06,10.21203/rs.3.rs-10328225/v1,,overdose,Disease,0.9232709407806396,12,20
PPR1292743,Paracetamol Overdose in Children Presenting to a Pediatric Hospital: A Five-Year Retrospective Study on Incidence and Formulation Confusion,2026-08-06,10.21203/rs.3.rs-10328225/v1,,paracetamol,Chemical,0.9461255073547363,160,171
PPR1292743,Paracetamol Overdose in Children Presenting to a Pediatric Hospital: A Five-Year Retrospective Study on Incidence and Formulation Confusion,2026-08-06,10.21203/rs.3.rs-10328225/v1,,overdose,Disease,0.9436838030815125,172,180
PPR1292743,Paracetamol Overdose in Children Presenting to a Pediatric Hospital: A Five-Year Retrospective Study on Incidence and Formulation Confusion,2026-08-06,10.21203/rs.3.rs-10328225/v1,,paracetamol,Chemical,0.9208148717880249,531,542
PPR1292743,Paracetamol Overdose in Children Presenting to a Pediatric Hospital: A Five-Year Retrospective Study on Incidence and Formulation Confusion,2026-08-06,10.21203/rs.3.rs-10328225/v1,,overdose,Disease,0.9285991191864014,543,551
PPR1292743,Paracetamol Overdose in Children Presenting to a Pediatric Hospital: A Five-Year Retrospective Study on Incidence and Formulation Confusion,2026-08-06,10.21203/rs.3.rs-10328225/v1,,paracetamol,Chemical,0.9317610263824463,841,852
PPR1292743,Paracetamol Overdose in Children Presenting to a Pediatric Hospital: A Five-Year Retrospective Study on Incidence and Formulation Confusion,2026-08-06,10.21203/rs.3.rs-10328225/v1,,overdose,Disease,0.9525856971740723,853,861
PPR1292743,Paracetamol Overdose in Children Presenting to a Pediatric Hospital: A Five-Year Retrospective Study on Incidence and Formulation Confusion,2026-08-06,10.21203/rs.3.rs-10328225/v1,,overdose,Disease,0.9714261889457703,1075,1083
PPR1292743,Paracetamol Overdose in Children Presenting to a Pediatric Hospital: A Five-Year Retrospective Study on Incidence and Formulation Confusion,2026-08-06,10.21203/rs.3.rs-10328225/v1,,paracetamol,Chemical,0.995810866355896,1590,1601
PPR1292743,Paracetamol Overdose in Children Presenting to a Pediatric Hospital: A Five-Year Retrospective Study on Incidence and Formulation Confusion,2026-08-06,10.21203/rs.3.rs-10328225/v1,,paracetamol,Chemical,0.9967220425605774,1977,1988
PPR1292743,Paracetamol Overdose in Children Presenting to a Pediatric Hospital: A Five-Year Retrospective Study on Incidence and Formulation Confusion,2026-08-06,10.21203/rs.3.rs-10328225/v1,,n - acetylcysteine,Chemical,0.9957868456840515,2059,2075
PPR1292743,Paracetamol Overdose in Children Presenting to a Pediatric Hospital: A Five-Year Retrospective Study on Incidence and Formulation Confusion,2026-08-06,10.21203/rs.3.rs-10328225/v1,,paracetamol,Chemical,0.9007666110992432,2202,2213
PPR1292743,Paracetamol Overdose in Children Presenting to a Pediatric Hospital: A Five-Year Retrospective Study on Incidence and Formulation Confusion,2026-08-06,10.21203/rs.3.rs-10328225/v1,,overdose,Disease,0.8628968000411987,2214,2222
42535769,Assessing Metabolic and Reproductive Consequences of Prenatal Paracetamol Exposure in Female CD1 Mice.,2026-07-31,10.1002/jat.70367,42535769,paracetamol,Chemical,0.9983792304992676,62,73
42535769,Assessing Metabolic and Reproductive Consequences of Prenatal Paracetamol Exposure in Female CD1 Mice.,2026-07-31,10.1002/jat.70367,42535769,paracetamol,Chemical,0.9982722997665405,102,113
42535769,Assessing Metabolic and Reproductive Consequences of Prenatal Paracetamol Exposure in Female CD1 Mice.,2026-07-31,10.1002/jat.70367,42535769,paracetamol,Chemical,0.9983946681022644,389,400
42535769,Assessing Metabolic and Reproductive Consequences of Prenatal Paracetamol Exposure in Female CD1 Mice.,2026-07-31,10.1002/jat.70367,42535769,paracetamol,Chemical,0.9984366297721863,442,453
42535769,Assessing Metabolic and Reproductive Consequences of Prenatal Paracetamol Exposure in Female CD1 Mice.,2026-07-31,10.1002/jat.70367,42535769,impaired glucose tolerance,Disease,0.7382810711860657,909,935
42535769,Assessing Metabolic and Reproductive Consequences of Prenatal Paracetamol Exposure in Female CD1 Mice.,2026-07-31,10.1002/jat.70367,42535769,lysophosphatidylcholine,Chemical,0.8431994318962097,1212,1235
42535769,Assessing Metabolic and Reproductive Consequences of Prenatal Paracetamol Exposure in Female CD1 Mice.,2026-07-31,10.1002/jat.70367,42535769,paracetamol,Chemical,0.9982499480247498,1501,1512
42535769,Assessing Metabolic and Reproductive Consequences of Prenatal Paracetamol Exposure in Female CD1 Mice.,2026-07-31,10.1002/jat.70367,42535769,paracetamol,Chemical,0.9983966946601868,1723,1734
42535769,Assessing Metabolic and Reproductive Consequences of Prenatal Paracetamol Exposure in Female CD1 Mice.,2026-07-31,10.1002/jat.70367,42535769,visceral adiposity,Disease,0.7144685983657837,1829,1847
42535769,Assessing Metabolic and Reproductive Consequences of Prenatal Paracetamol Exposure in Female CD1 Mice.,2026-07-31,10.1002/jat.70367,42535769,paracetamol,Chemical,0.9984377026557922,2069,2080
42510954,Gestational Paracetamol (Acetaminophen) Toxicity Induces Behavioral and Structural Brain Defects in Rats.,2026-07-13,10.3390/cimb48070714,42510954,paracetamol,Chemical,0.9985162615776062,12,23
42510954,Gestational Paracetamol (Acetaminophen) Toxicity Induces Behavioral and Structural Brain Defects in Rats.,2026-07-13,10.3390/cimb48070714,42510954,acetaminophen,Chemical,0.9984633922576904,25,38
42510954,Gestational Paracetamol (Acetaminophen) Toxicity Induces Behavioral and Structural Brain Defects in Rats.,2026-07-13,10.3390/cimb48070714,42510954,toxicity,Disease,0.99016934633255,40,48
42510954,Gestational Paracetamol (Acetaminophen) Toxicity Induces Behavioral and Structural Brain Defects in Rats.,2026-07-13,10.3390/cimb48070714,42510954,behavioral and structural brain defects,Disease,0.7511971592903137,57,96
42510954,Gestational Paracetamol (Acetaminophen) Toxicity Induces Behavioral and Structural Brain Defects in Rats.,2026-07-13,10.3390/cimb48070714,42510954,paracetamol,Chemical,0.9983422756195068,105,116
42510954,Gestational Paracetamol (Acetaminophen) Toxicity Induces Behavioral and Structural Brain Defects in Rats.,2026-07-13,10.3390/cimb48070714,42510954,paracetamol,Chemical,0.9985653758049011,175,186
42510954,Gestational Paracetamol (Acetaminophen) Toxicity Induces Behavioral and Structural Brain Defects in Rats.,2026-07-13,10.3390/cimb48070714,42510954,autism,Disease,0.9945108890533447,209,215
42510954,Gestational Paracetamol (Acetaminophen) Toxicity Induces Behavioral and Structural Brain Defects in Rats.,2026-07-13,10.3390/cimb48070714,42510954,attention - deficit / hyperactivity disorder,Disease,0.9950583577156067,220,260
42510954,Gestational Paracetamol (Acetaminophen) Toxicity Induces Behavioral and Structural Brain Defects in Rats.,2026-07-13,10.3390/cimb48070714,42510954,paracetamol,Chemical,0.9984623193740845,311,322
42510954,Gestational Paracetamol (Acetaminophen) Toxicity Induces Behavioral and Structural Brain Defects in Rats.,2026-07-13,10.3390/cimb48070714,42510954,sodium valproate,Chemical,0.9969622492790222,465,481
42510954,Gestational Paracetamol (Acetaminophen) Toxicity Induces Behavioral and Structural Brain Defects in Rats.,2026-07-13,10.3390/cimb48070714,42510954,paracetamol,Chemical,0.9985193610191345,536,547
42510954,Gestational Paracetamol (Acetaminophen) Toxicity Induces Behavioral and Structural Brain Defects in Rats.,2026-07-13,10.3390/cimb48070714,42510954,paracetamol,Chemical,0.9984489679336548,615,626
42510954,Gestational Paracetamol (Acetaminophen) Toxicity Induces Behavioral and Structural Brain Defects in Rats.,2026-07-13,10.3390/cimb48070714,42510954,valproic acid,Chemical,0.9976580142974854,860,873
42510954,Gestational Paracetamol (Acetaminophen) Toxicity Induces Behavioral and Structural Brain Defects in Rats.,2026-07-13,10.3390/cimb48070714,42510954,paracetamol,Chemical,0.9983276724815369,890,901
42510954,Gestational Paracetamol (Acetaminophen) Toxicity Induces Behavioral and Structural Brain Defects in Rats.,2026-07-13,10.3390/cimb48070714,42510954,valproic,Chemical,0.9965444207191467,1071,1079
42510954,Gestational Paracetamol (Acetaminophen) Toxicity Induces Behavioral and Structural Brain Defects in Rats.,2026-07-13,10.3390/cimb48070714,42510954,paracetamol,Chemical,0.9981793165206909,1101,1112
42510954,Gestational Paracetamol (Acetaminophen) Toxicity Induces Behavioral and Structural Brain Defects in Rats.,2026-07-13,10.3390/cimb48070714,42510954,paracetamol,Chemical,0.99849534034729,1268,1279
42510954,Gestational Paracetamol (Acetaminophen) Toxicity Induces Behavioral and Structural Brain Defects in Rats.,2026-07-13,10.3390/cimb48070714,42510954,neurodevelopmental pathology,Disease,0.7977744340896606,1288,1316
42510954,Gestational Paracetamol (Acetaminophen) Toxicity Induces Behavioral and Structural Brain Defects in Rats.,2026-07-13,10.3390/cimb48070714,42510954,paracetamol,Chemical,0.9985026121139526,1331,1342
42573610,Paracetamol-induced hepatic injury following intentional self-poisoning: a case report and therapeutic considerations.,2026-08-10,10.1007/s00210-026-05800-0,42573610,paracetamol,Chemical,0.9975280165672302,0,11
42573610,Paracetamol-induced hepatic injury following intentional self-poisoning: a case report and therapeutic considerations.,2026-08-10,10.1007/s00210-026-05800-0,42573610,hepatic injury,Disease,0.9892617464065552,20,34
42573610,Paracetamol-induced hepatic injury following intentional self-poisoning: a case report and therapeutic considerations.,2026-08-10,10.1007/s00210-026-05800-0,42573610,paracetamol,Chemical,0.9955567717552185,118,129
42573610,Paracetamol-induced hepatic injury following intentional self-poisoning: a case report and therapeutic considerations.,2026-08-10,10.1007/s00210-026-05800-0,42573610,acetaminophen,Chemical,0.9977974891662598,131,144
42573610,Paracetamol-induced hepatic injury following intentional self-poisoning: a case report and therapeutic considerations.,2026-08-10,10.1007/s00210-026-05800-0,42573610,overdose,Disease,0.7301772832870483,146,154
42573610,Paracetamol-induced hepatic injury following intentional self-poisoning: a case report and therapeutic considerations.,2026-08-10,10.1007/s00210-026-05800-0,42573610,hepatocellular injury,Disease,0.9389115571975708,189,210
42573610,Paracetamol-induced hepatic injury following intentional self-poisoning: a case report and therapeutic considerations.,2026-08-10,10.1007/s00210-026-05800-0,42573610,n - acetylcysteine,Chemical,0.9962846636772156,316,332
42573610,Paracetamol-induced hepatic injury following intentional self-poisoning: a case report and therapeutic considerations.,2026-08-10,10.1007/s00210-026-05800-0,42573610,nac,Chemical,0.9939948916435242,334,337
42573610,Paracetamol-induced hepatic injury following intentional self-poisoning: a case report and therapeutic considerations.,2026-08-10,10.1007/s00210-026-05800-0,42573610,hepatic injury,Disease,0.9878909587860107,406,420
42573610,Paracetamol-induced hepatic injury following intentional self-poisoning: a case report and therapeutic considerations.,2026-08-10,10.1007/s00210-026-05800-0,42573610,paracetamol,Chemical,0.9979034662246704,538,549
42573610,Paracetamol-induced hepatic injury following intentional self-poisoning: a case report and therapeutic considerations.,2026-08-10,10.1007/s00210-026-05800-0,42573610,cetirizine,Chemical,0.9983022809028625,602,612
42573610,Paracetamol-induced hepatic injury following intentional self-poisoning: a case report and therapeutic considerations.,2026-08-10,10.1007/s00210-026-05800-0,42573610,abdominal pain,Disease,0.9826837778091431,688,702
42573610,Paracetamol-induced hepatic injury following intentional self-poisoning: a case report and therapeutic considerations.,2026-08-10,10.1007/s00210-026-05800-0,42573610,hepatocellular injury,Disease,0.9767378568649292,831,852
42573610,Paracetamol-induced hepatic injury following intentional self-poisoning: a case report and therapeutic considerations.,2026-08-10,10.1007/s00210-026-05800-0,42573610,aspartate,Chemical,0.9487175345420837,865,874
42573610,Paracetamol-induced hepatic injury following intentional self-poisoning: a case report and therapeutic considerations.,2026-08-10,10.1007/s00210-026-05800-0,42573610,alanine,Chemical,0.9189597368240356,902,909
42573610,Paracetamol-induced hepatic injury following intentional self-poisoning: a case report and therapeutic considerations.,2026-08-10,10.1007/s00210-026-05800-0,42573610,bilirubin,Chemical,0.9945051074028015,992,1001
42573610,Paracetamol-induced hepatic injury following intentional self-poisoning: a case report and therapeutic considerations.,2026-08-10,10.1007/s00210-026-05800-0,42573610,acute liver failure,Disease,0.8541495203971863,1095,1114
42573610,Paracetamol-induced hepatic injury following intentional self-poisoning: a case report and therapeutic considerations.,2026-08-10,10.1007/s00210-026-05800-0,42573610,nac,Chemical,0.9874616265296936,1230,1233
42573610,Paracetamol-induced hepatic injury following intentional self-poisoning: a case report and therapeutic considerations.,2026-08-10,10.1007/s00210-026-05800-0,42573610,hepatic complications,Disease,0.8551667928695679,1514,1535
42573610,Paracetamol-induced hepatic injury following intentional self-poisoning: a case report and therapeutic considerations.,2026-08-10,10.1007/s00210-026-05800-0,42573610,overdose,Disease,0.9493215680122375,1634,1642
42573610,Paracetamol-induced hepatic injury following intentional self-poisoning: a case report and therapeutic considerations.,2026-08-10,10.1007/s00210-026-05800-0,42573610,nac,Chemical,0.989055871963501,1845,1848
42573610,Paracetamol-induced hepatic injury following intentional self-poisoning: a case report and therapeutic considerations.,2026-08-10,10.1007/s00210-026-05800-0,42573610,paracetamol,Chemical,0.9762301445007324,1996,2007
42573610,Paracetamol-induced hepatic injury following intentional self-poisoning: a case report and therapeutic considerations.,2026-08-10,10.1007/s00210-026-05800-0,42573610,overdose,Disease,0.7668505311012268,2008,2016
42328847,Population Pharmacokinetics and Pharmacodynamics of Paracetamol in Malaysian Patients With Plasmodium knowlesi Malaria.,2026-07-01,10.1002/psp4.70283,42328847,paracetamol,Chemical,0.9981934428215027,52,63
42328847,Population Pharmacokinetics and Pharmacodynamics of Paracetamol in Malaysian Patients With Plasmodium knowlesi Malaria.,2026-07-01,10.1002/psp4.70283,42328847,plasmodium knowlesi malaria,Disease,0.9874833822250366,91,118
42328847,Population Pharmacokinetics and Pharmacodynamics of Paracetamol in Malaysian Patients With Plasmodium knowlesi Malaria.,2026-07-01,10.1002/psp4.70283,42328847,paracetamol,Chemical,0.9977847933769226,119,130
42328847,Population Pharmacokinetics and Pharmacodynamics of Paracetamol in Malaysian Patients With Plasmodium knowlesi Malaria.,2026-07-01,10.1002/psp4.70283,42328847,plasmodium knowlesi malaria,Disease,0.9906066060066223,182,209
42328847,Population Pharmacokinetics and Pharmacodynamics of Paracetamol in Malaysian Patients With Plasmodium knowlesi Malaria.,2026-07-01,10.1002/psp4.70283,42328847,acute kidney injury,Disease,0.9797778725624084,238,257
42328847,Population Pharmacokinetics and Pharmacodynamics of Paracetamol in Malaysian Patients With Plasmodium knowlesi Malaria.,2026-07-01,10.1002/psp4.70283,42328847,hemolysis,Disease,0.9960876703262329,262,271
42328847,Population Pharmacokinetics and Pharmacodynamics of Paracetamol in Malaysian Patients With Plasmodium knowlesi Malaria.,2026-07-01,10.1002/psp4.70283,42328847,paracetamol,Chemical,0.9980625510215759,438,449
42328847,Population Pharmacokinetics and Pharmacodynamics of Paracetamol in Malaysian Patients With Plasmodium knowlesi Malaria.,2026-07-01,10.1002/psp4.70283,42328847,creatinine,Chemical,0.9685677289962769,453,463
42328847,Population Pharmacokinetics and Pharmacodynamics of Paracetamol in Malaysian Patients With Plasmodium knowlesi Malaria.,2026-07-01,10.1002/psp4.70283,42328847,hepatotoxicity,Disease,0.9857666492462158,465,479
42328847,Population Pharmacokinetics and Pharmacodynamics of Paracetamol in Malaysian Patients With Plasmodium knowlesi Malaria.,2026-07-01,10.1002/psp4.70283,42328847,knowlesi malaria,Disease,0.9931014180183411,576,592
42328847,Population Pharmacokinetics and Pharmacodynamics of Paracetamol in Malaysian Patients With Plasmodium knowlesi Malaria.,2026-07-01,10.1002/psp4.70283,42328847,paracetamol,Chemical,0.9977231621742249,732,743
42328847,Population Pharmacokinetics and Pharmacodynamics of Paracetamol in Malaysian Patients With Plasmodium knowlesi Malaria.,2026-07-01,10.1002/psp4.70283,42328847,paracetamol,Chemical,0.9978759288787842,772,783
42328847,Population Pharmacokinetics and Pharmacodynamics of Paracetamol in Malaysian Patients With Plasmodium knowlesi Malaria.,2026-07-01,10.1002/psp4.70283,42328847,falciparum malaria,Disease,0.9914917945861816,851,869
42328847,Population Pharmacokinetics and Pharmacodynamics of Paracetamol in Malaysian Patients With Plasmodium knowlesi Malaria.,2026-07-01,10.1002/psp4.70283,42328847,paracetamol,Chemical,0.9980767965316772,905,916
42328847,Population Pharmacokinetics and Pharmacodynamics of Paracetamol in Malaysian Patients With Plasmodium knowlesi Malaria.,2026-07-01,10.1002/psp4.70283,42328847,creatinine,Chemical,0.9889645576477051,973,983
42328847,Population Pharmacokinetics and Pharmacodynamics of Paracetamol in Malaysian Patients With Plasmodium knowlesi Malaria.,2026-07-01,10.1002/psp4.70283,42328847,paracetamol,Chemical,0.9980672001838684,1074,1085
42328847,Population Pharmacokinetics and Pharmacodynamics of Paracetamol in Malaysian Patients With Plasmodium knowlesi Malaria.,2026-07-01,10.1002/psp4.70283,42328847,hepatotoxicity,Disease,0.9927709698677063,1119,1133
42328847,Population Pharmacokinetics and Pharmacodynamics of Paracetamol in Malaysian Patients With Plasmodium knowlesi Malaria.,2026-07-01,10.1002/psp4.70283,42328847,paracetamol,Chemical,0.9981677532196045,1281,1292
42328847,Population Pharmacokinetics and Pharmacodynamics of Paracetamol in Malaysian Patients With Plasmodium knowlesi Malaria.,2026-07-01,10.1002/psp4.70283,42328847,paracetamol,Chemical,0.998211145401001,1397,1408
42328847,Population Pharmacokinetics and Pharmacodynamics of Paracetamol in Malaysian Patients With Plasmodium knowlesi Malaria.,2026-07-01,10.1002/psp4.70283,42328847,creatinine,Chemical,0.9730849266052246,1426,1436
42328847,Population Pharmacokinetics and Pharmacodynamics of Paracetamol in Malaysian Patients With Plasmodium knowlesi Malaria.,2026-07-01,10.1002/psp4.70283,42328847,plasmodium knowlesi malaria,Disease,0.9887505769729614,1494,1521
42590464,Smart Sensor Based on Multiple Cascaded Michelson Interferometers with a Long-Period Fiber Grating for Recognition of Paracetamol Concentrations in Solutions.,2026-07-23,10.3390/s26154689,42590464,paracetamol,Chemical,0.9972645044326782,118,129
42590464,Smart Sensor Based on Multiple Cascaded Michelson Interferometers with a Long-Period Fiber Grating for Recognition of Paracetamol Concentrations in Solutions.,2026-07-23,10.3390/s26154689,42590464,paracetamol,Chemical,0.9975379705429077,342,353
42590464,Smart Sensor Based on Multiple Cascaded Michelson Interferometers with a Long-Period Fiber Grating for Recognition of Paracetamol Concentrations in Solutions.,2026-07-23,10.3390/s26154689,42590464,paracetamol,Chemical,0.9967204928398132,401,412
42590464,Smart Sensor Based on Multiple Cascaded Michelson Interferometers with a Long-Period Fiber Grating for Recognition of Paracetamol Concentrations in Solutions.,2026-07-23,10.3390/s26154689,42590464,mejoral,Chemical,0.8055699467658997,685,692
42590464,Smart Sensor Based on Multiple Cascaded Michelson Interferometers with a Long-Period Fiber Grating for Recognition of Paracetamol Concentrations in Solutions.,2026-07-23,10.3390/s26154689,42590464,tempra,Chemical,0.9970266819000244,698,704
42590464,Smart Sensor Based on Multiple Cascaded Michelson Interferometers with a Long-Period Fiber Grating for Recognition of Paracetamol Concentrations in Solutions.,2026-07-23,10.3390/s26154689,42590464,tylenol,Chemical,0.9977631568908691,706,713
42590464,Smart Sensor Based on Multiple Cascaded Michelson Interferometers with a Long-Period Fiber Grating for Recognition of Paracetamol Concentrations in Solutions.,2026-07-23,10.3390/s26154689,42590464,paracetamol,Chemical,0.9975947737693787,734,745
42590464,Smart Sensor Based on Multiple Cascaded Michelson Interferometers with a Long-Period Fiber Grating for Recognition of Paracetamol Concentrations in Solutions.,2026-07-23,10.3390/s26154689,42590464,efp,Chemical,0.9779291152954102,747,750
42590464,Smart Sensor Based on Multiple Cascaded Michelson Interferometers with a Long-Period Fiber Grating for Recognition of Paracetamol Concentrations in Solutions.,2026-07-23,10.3390/s26154689,42590464,paracetamol,Chemical,0.997734546661377,948,959
42590464,Smart Sensor Based on Multiple Cascaded Michelson Interferometers with a Long-Period Fiber Grating for Recognition of Paracetamol Concentrations in Solutions.,2026-07-23,10.3390/s26154689,42590464,mejoral,Chemical,0.7772181034088135,1034,1041
42536322,Incident Neutropenia in New Users of Different Non-opioid Analgesics: An Observational Propensity Score-Controlled Cohort Study.,2026-07-31,10.1007/s40264-026-01697-z,42536322,neutropenia,Disease,0.9954036474227905,9,20
42536322,Incident Neutropenia in New Users of Different Non-opioid Analgesics: An Observational Propensity Score-Controlled Cohort Study.,2026-07-31,10.1007/s40264-026-01697-z,42536322,nonsteroidal anti - inflammatory drugs,Chemical,0.8223336935043335,139,175
42536322,Incident Neutropenia in New Users of Different Non-opioid Analgesics: An Observational Propensity Score-Controlled Cohort Study.,2026-07-31,10.1007/s40264-026-01697-z,42536322,nsaids,Chemical,0.9306961297988892,177,183
42536322,Incident Neutropenia in New Users of Different Non-opioid Analgesics: An Observational Propensity Score-Controlled Cohort Study.,2026-07-31,10.1007/s40264-026-01697-z,42536322,paracetamol,Chemical,0.9976995587348938,189,200
42536322,Incident Neutropenia in New Users of Different Non-opioid Analgesics: An Observational Propensity Score-Controlled Cohort Study.,2026-07-31,10.1007/s40264-026-01697-z,42536322,neutropenia,Disease,0.9957780838012695,227,238
42536322,Incident Neutropenia in New Users of Different Non-opioid Analgesics: An Observational Propensity Score-Controlled Cohort Study.,2026-07-31,10.1007/s40264-026-01697-z,42536322,agranulocytosis,Disease,0.9951046705245972,243,258
42536322,Incident Neutropenia in New Users of Different Non-opioid Analgesics: An Observational Propensity Score-Controlled Cohort Study.,2026-07-31,10.1007/s40264-026-01697-z,42536322,neutropenia,Disease,0.9953574538230896,322,333
42536322,Incident Neutropenia in New Users of Different Non-opioid Analgesics: An Observational Propensity Score-Controlled Cohort Study.,2026-07-31,10.1007/s40264-026-01697-z,42536322,nsaids,Chemical,0.9526076912879944,370,376
42536322,Incident Neutropenia in New Users of Different Non-opioid Analgesics: An Observational Propensity Score-Controlled Cohort Study.,2026-07-31,10.1007/s40264-026-01697-z,42536322,paracetamol,Chemical,0.9964816570281982,389,400
42536322,Incident Neutropenia in New Users of Different Non-opioid Analgesics: An Observational Propensity Score-Controlled Cohort Study.,2026-07-31,10.1007/s40264-026-01697-z,42536322,neutropenia,Disease,0.9952614903450012,559,570
42536322,Incident Neutropenia in New Users of Different Non-opioid Analgesics: An Observational Propensity Score-Controlled Cohort Study.,2026-07-31,10.1007/s40264-026-01697-z,42536322,agranulocytosis,Disease,0.9934067726135254,581,596
42536322,Incident Neutropenia in New Users of Different Non-opioid Analgesics: An Observational Propensity Score-Controlled Cohort Study.,2026-07-31,10.1007/s40264-026-01697-z,42536322,nsaid,Chemical,0.8355197906494141,633,638
42536322,Incident Neutropenia in New Users of Different Non-opioid Analgesics: An Observational Propensity Score-Controlled Cohort Study.,2026-07-31,10.1007/s40264-026-01697-z,42536322,diclofenac,Chemical,0.9975428581237793,646,656
42536322,Incident Neutropenia in New Users of Different Non-opioid Analgesics: An Observational Propensity Score-Controlled Cohort Study.,2026-07-31,10.1007/s40264-026-01697-z,42536322,ibuprofen,Chemical,0.9974351525306702,658,667
42536322,Incident Neutropenia in New Users of Different Non-opioid Analgesics: An Observational Propensity Score-Controlled Cohort Study.,2026-07-31,10.1007/s40264-026-01697-z,42536322,naproxen,Chemical,0.9974055290222168,673,681
42536322,Incident Neutropenia in New Users of Different Non-opioid Analgesics: An Observational Propensity Score-Controlled Cohort Study.,2026-07-31,10.1007/s40264-026-01697-z,42536322,paracetamol,Chemical,0.9971350431442261,691,702
42536322,Incident Neutropenia in New Users of Different Non-opioid Analgesics: An Observational Propensity Score-Controlled Cohort Study.,2026-07-31,10.1007/s40264-026-01697-z,42536322,agranulocytosis,Disease,0.9932862520217896,846,861
42536322,Incident Neutropenia in New Users of Different Non-opioid Analgesics: An Observational Propensity Score-Controlled Cohort Study.,2026-07-31,10.1007/s40264-026-01697-z,42536322,neutropenia,Disease,0.9954671859741211,899,910
42536322,Incident Neutropenia in New Users of Different Non-opioid Analgesics: An Observational Propensity Score-Controlled Cohort Study.,2026-07-31,10.1007/s40264-026-01697-z,42536322,agranulocytosis,Disease,0.9929991960525513,953,968
42536322,Incident Neutropenia in New Users of Different Non-opioid Analgesics: An Observational Propensity Score-Controlled Cohort Study.,2026-07-31,10.1007/s40264-026-01697-z,42536322,paracetamol,Chemical,0.9973092079162598,1206,1217
42536322,Incident Neutropenia in New Users of Different Non-opioid Analgesics: An Observational Propensity Score-Controlled Cohort Study.,2026-07-31,10.1007/s40264-026-01697-z,42536322,diclofenac,Chemical,0.9979373216629028,1233,1243
42536322,Incident Neutropenia in New Users of Different Non-opioid Analgesics: An Observational Propensity Score-Controlled Cohort Study.,2026-07-31,10.1007/s40264-026-01697-z,42536322,neutropenia,Disease,0.9957351684570312,1270,1281
42536322,Incident Neutropenia in New Users of Different Non-opioid Analgesics: An Observational Propensity Score-Controlled Cohort Study.,2026-07-31,10.1007/s40264-026-01697-z,42536322,nsaids,Chemical,0.9389440417289734,1461,1467
42536322,Incident Neutropenia in New Users of Different Non-opioid Analgesics: An Observational Propensity Score-Controlled Cohort Study.,2026-07-31,10.1007/s40264-026-01697-z,42536322,paracetamol,Chemical,0.9963598847389221,1475,1486
42536322,Incident Neutropenia in New Users of Different Non-opioid Analgesics: An Observational Propensity Score-Controlled Cohort Study.,2026-07-31,10.1007/s40264-026-01697-z,42536322,agranulocytosis,Disease,0.9887100458145142,1603,1618
42536322,Incident Neutropenia in New Users of Different Non-opioid Analgesics: An Observational Propensity Score-Controlled Cohort Study.,2026-07-31,10.1007/s40264-026-01697-z,42536322,neutropenia,Disease,0.9957246780395508,1689,1700
42536322,Incident Neutropenia in New Users of Different Non-opioid Analgesics: An Observational Propensity Score-Controlled Cohort Study.,2026-07-31,10.1007/s40264-026-01697-z,42536322,nsaids,Chemical,0.9753501415252686,1705,1711
42536322,Incident Neutropenia in New Users of Different Non-opioid Analgesics: An Observational Propensity Score-Controlled Cohort Study.,2026-07-31,10.1007/s40264-026-01697-z,42536322,paracetamol,Chemical,0.9976567029953003,1729,1740
42536322,Incident Neutropenia in New Users of Different Non-opioid Analgesics: An Observational Propensity Score-Controlled Cohort Study.,2026-07-31,10.1007/s40264-026-01697-z,42536322,agranulocytosis,Disease,0.9943901300430298,1762,1777
42536322,Incident Neutropenia in New Users of Different Non-opioid Analgesics: An Observational Propensity Score-Controlled Cohort Study.,2026-07-31,10.1007/s40264-026-01697-z,42536322,paracetamol,Chemical,0.9977805018424988,1798,1809
42497002,Bioactivity-guided identification of a quercetin-rich ethyl acetate fraction from &lt;i&gt;Ipomoea pes-tigridis&lt;/i&gt; L. conferring robust antioxidant defense and hepatoprotection against paracetamol-induced liver injury.,2026-07-24,10.1080/14786419.2026.2706072,42497002,quercetin,Chemical,0.997769832611084,39,48
42497002,Bioactivity-guided identification of a quercetin-rich ethyl acetate fraction from &lt;i&gt;Ipomoea pes-tigridis&lt;/i&gt; L. conferring robust antioxidant defense and hepatoprotection against paracetamol-induced liver injury.,2026-07-24,10.1080/14786419.2026.2706072,42497002,ipomoea pes - tigrid,Chemical,0.8522588014602661,91,109
42497002,Bioactivity-guided identification of a quercetin-rich ethyl acetate fraction from &lt;i&gt;Ipomoea pes-tigridis&lt;/i&gt; L. conferring robust antioxidant defense and hepatoprotection against paracetamol-induced liver injury.,2026-07-24,10.1080/14786419.2026.2706072,42497002,paracetamol,Chemical,0.9981892704963684,191,202
42497002,Bioactivity-guided identification of a quercetin-rich ethyl acetate fraction from &lt;i&gt;Ipomoea pes-tigridis&lt;/i&gt; L. conferring robust antioxidant defense and hepatoprotection against paracetamol-induced liver injury.,2026-07-24,10.1080/14786419.2026.2706072,42497002,liver injury,Disease,0.9954142570495605,211,223
42497002,Bioactivity-guided identification of a quercetin-rich ethyl acetate fraction from &lt;i&gt;Ipomoea pes-tigridis&lt;/i&gt; L. conferring robust antioxidant defense and hepatoprotection against paracetamol-induced liver injury.,2026-07-24,10.1080/14786419.2026.2706072,42497002,ipomoea pes - tigridis,Chemical,0.8750683069229126,286,306
42497002,Bioactivity-guided identification of a quercetin-rich ethyl acetate fraction from &lt;i&gt;Ipomoea pes-tigridis&lt;/i&gt; L. conferring robust antioxidant defense and hepatoprotection against paracetamol-induced liver injury.,2026-07-24,10.1080/14786419.2026.2706072,42497002,paracetamol,Chemical,0.9980939030647278,334,345
42497002,Bioactivity-guided identification of a quercetin-rich ethyl acetate fraction from &lt;i&gt;Ipomoea pes-tigridis&lt;/i&gt; L. conferring robust antioxidant defense and hepatoprotection against paracetamol-induced liver injury.,2026-07-24,10.1080/14786419.2026.2706072,42497002,hepatotoxic,Disease,0.9876564145088196,354,365
42497002,Bioactivity-guided identification of a quercetin-rich ethyl acetate fraction from &lt;i&gt;Ipomoea pes-tigridis&lt;/i&gt; L. conferring robust antioxidant defense and hepatoprotection against paracetamol-induced liver injury.,2026-07-24,10.1080/14786419.2026.2706072,42497002,toxicity,Disease,0.8980888724327087,523,531
42497002,Bioactivity-guided identification of a quercetin-rich ethyl acetate fraction from &lt;i&gt;Ipomoea pes-tigridis&lt;/i&gt; L. conferring robust antioxidant defense and hepatoprotection against paracetamol-induced liver injury.,2026-07-24,10.1080/14786419.2026.2706072,42497002,paracetamol,Chemical,0.9981830716133118,558,569
42497002,Bioactivity-guided identification of a quercetin-rich ethyl acetate fraction from &lt;i&gt;Ipomoea pes-tigridis&lt;/i&gt; L. conferring robust antioxidant defense and hepatoprotection against paracetamol-induced liver injury.,2026-07-24,10.1080/14786419.2026.2706072,42497002,mda,Chemical,0.8931722640991211,690,693
42497002,Bioactivity-guided identification of a quercetin-rich ethyl acetate fraction from &lt;i&gt;Ipomoea pes-tigridis&lt;/i&gt; L. conferring robust antioxidant defense and hepatoprotection against paracetamol-induced liver injury.,2026-07-24,10.1080/14786419.2026.2706072,42497002,superoxide,Chemical,0.981988251209259,741,751
42497002,Bioactivity-guided identification of a quercetin-rich ethyl acetate fraction from &lt;i&gt;Ipomoea pes-tigridis&lt;/i&gt; L. conferring robust antioxidant defense and hepatoprotection against paracetamol-induced liver injury.,2026-07-24,10.1080/14786419.2026.2706072,42497002,glutathione,Chemical,0.9860045313835144,785,796
42497002,Bioactivity-guided identification of a quercetin-rich ethyl acetate fraction from &lt;i&gt;Ipomoea pes-tigridis&lt;/i&gt; L. conferring robust antioxidant defense and hepatoprotection against paracetamol-induced liver injury.,2026-07-24,10.1080/14786419.2026.2706072,42497002,glutathione,Chemical,0.9725407958030701,815,826
42497002,Bioactivity-guided identification of a quercetin-rich ethyl acetate fraction from &lt;i&gt;Ipomoea pes-tigridis&lt;/i&gt; L. conferring robust antioxidant defense and hepatoprotection against paracetamol-induced liver injury.,2026-07-24,10.1080/14786419.2026.2706072,42497002,glutathione,Chemical,0.9900811314582825,852,863
42497002,Bioactivity-guided identification of a quercetin-rich ethyl acetate fraction from &lt;i&gt;Ipomoea pes-tigridis&lt;/i&gt; L. conferring robust antioxidant defense and hepatoprotection against paracetamol-induced liver injury.,2026-07-24,10.1080/14786419.2026.2706072,42497002,gsh,Chemical,0.9844525456428528,865,868
42497002,Bioactivity-guided identification of a quercetin-rich ethyl acetate fraction from &lt;i&gt;Ipomoea pes-tigridis&lt;/i&gt; L. conferring robust antioxidant defense and hepatoprotection against paracetamol-induced liver injury.,2026-07-24,10.1080/14786419.2026.2706072,42497002,##omoea pes - tigridis,Chemical,0.8864167928695679,876,894
42497002,Bioactivity-guided identification of a quercetin-rich ethyl acetate fraction from &lt;i&gt;Ipomoea pes-tigridis&lt;/i&gt; L. conferring robust antioxidant defense and hepatoprotection against paracetamol-induced liver injury.,2026-07-24,10.1080/14786419.2026.2706072,42497002,paracetamol,Chemical,0.9981130361557007,963,974
42497002,Bioactivity-guided identification of a quercetin-rich ethyl acetate fraction from &lt;i&gt;Ipomoea pes-tigridis&lt;/i&gt; L. conferring robust antioxidant defense and hepatoprotection against paracetamol-induced liver injury.,2026-07-24,10.1080/14786419.2026.2706072,42497002,liver injury,Disease,0.9950180053710938,983,995
42483226,Metal nanocrystals and nanoclusters with paracetamol passivation and for paracetamol detection: a critical review.,2026-07-06,10.1039/d6na00268d,42483226,paracetamol,Chemical,0.9982249140739441,41,52
42483226,Metal nanocrystals and nanoclusters with paracetamol passivation and for paracetamol detection: a critical review.,2026-07-06,10.1039/d6na00268d,42483226,paracetamol,Chemical,0.9983307719230652,73,84
42483226,Metal nanocrystals and nanoclusters with paracetamol passivation and for paracetamol detection: a critical review.,2026-07-06,10.1039/d6na00268d,42483226,paracetamol,Chemical,0.9983569979667664,114,125
42483226,Metal nanocrystals and nanoclusters with paracetamol passivation and for paracetamol detection: a critical review.,2026-07-06,10.1039/d6na00268d,42483226,acetaminophen,Chemical,0.9979902505874634,127,140
42483226,Metal nanocrystals and nanoclusters with paracetamol passivation and for paracetamol detection: a critical review.,2026-07-06,10.1039/d6na00268d,42483226,paracetamol,Chemical,0.998290479183197,261,272
42483226,Metal nanocrystals and nanoclusters with paracetamol passivation and for paracetamol detection: a critical review.,2026-07-06,10.1039/d6na00268d,42483226,paracetamol,Chemical,0.9983249306678772,312,323
42483226,Metal nanocrystals and nanoclusters with paracetamol passivation and for paracetamol detection: a critical review.,2026-07-06,10.1039/d6na00268d,42483226,paracetamol,Chemical,0.9983789920806885,645,656
42572511,When Safety Barriers Fail: Paracetamol-Induced Anaphylaxis Under General Anesthesia Despite Multiple Allergy Warnings.,2026-07-09,10.7759/cureus.112365,42572511,paracetamol,Chemical,0.9980645775794983,27,38
42572511,When Safety Barriers Fail: Paracetamol-Induced Anaphylaxis Under General Anesthesia Despite Multiple Allergy Warnings.,2026-07-09,10.7759/cureus.112365,42572511,anaphylaxis,Disease,0.99332594871521,47,58
42572511,When Safety Barriers Fail: Paracetamol-Induced Anaphylaxis Under General Anesthesia Despite Multiple Allergy Warnings.,2026-07-09,10.7759/cureus.112365,42572511,paracetamol,Chemical,0.9982352256774902,130,141
42572511,When Safety Barriers Fail: Paracetamol-Induced Anaphylaxis Under General Anesthesia Despite Multiple Allergy Warnings.,2026-07-09,10.7759/cureus.112365,42572511,anaphylaxis,Disease,0.9926437735557556,150,161
42572511,When Safety Barriers Fail: Paracetamol-Induced Anaphylaxis Under General Anesthesia Despite Multiple Allergy Warnings.,2026-07-09,10.7759/cureus.112365,42572511,allergic reaction,Disease,0.7784804105758667,284,301
42572511,When Safety Barriers Fail: Paracetamol-Induced Anaphylaxis Under General Anesthesia Despite Multiple Allergy Warnings.,2026-07-09,10.7759/cureus.112365,42572511,circulatory collapse,Disease,0.9344444274902344,479,499
42572511,When Safety Barriers Fail: Paracetamol-Induced Anaphylaxis Under General Anesthesia Despite Multiple Allergy Warnings.,2026-07-09,10.7759/cureus.112365,42572511,paracetamol,Chemical,0.9982535243034363,667,678
42572511,When Safety Barriers Fail: Paracetamol-Induced Anaphylaxis Under General Anesthesia Despite Multiple Allergy Warnings.,2026-07-09,10.7759/cureus.112365,42572511,paracetamol,Chemical,0.9977881908416748,741,752
42572511,When Safety Barriers Fail: Paracetamol-Induced Anaphylaxis Under General Anesthesia Despite Multiple Allergy Warnings.,2026-07-09,10.7759/cureus.112365,42572511,paracetamol,Chemical,0.9978392720222473,1200,1211
42572511,When Safety Barriers Fail: Paracetamol-Induced Anaphylaxis Under General Anesthesia Despite Multiple Allergy Warnings.,2026-07-09,10.7759/cureus.112365,42572511,histamine,Chemical,0.9841369390487671,1540,1549
42572511,When Safety Barriers Fail: Paracetamol-Induced Anaphylaxis Under General Anesthesia Despite Multiple Allergy Warnings.,2026-07-09,10.7759/cureus.112365,42572511,paracetamol,Chemical,0.9978628754615784,1651,1662
42572511,When Safety Barriers Fail: Paracetamol-Induced Anaphylaxis Under General Anesthesia Despite Multiple Allergy Warnings.,2026-07-09,10.7759/cureus.112365,42572511,anaphylaxis,Disease,0.9915195107460022,1707,1718
42570042,From watershed to lagoon: Occurrence and ecological risk of paracetamol in the Segara Anakan coastal ecosystem.,2026-08-08,10.1007/s11356-026-38131-x,42570042,paracetamol,Chemical,0.9983215928077698,60,71
42570042,From watershed to lagoon: Occurrence and ecological risk of paracetamol in the Segara Anakan coastal ecosystem.,2026-08-08,10.1007/s11356-026-38131-x,42570042,paracetamol,Chemical,0.99819415807724,352,363
42570042,From watershed to lagoon: Occurrence and ecological risk of paracetamol in the Segara Anakan coastal ecosystem.,2026-08-08,10.1007/s11356-026-38131-x,42570042,acetaminophen,Chemical,0.9975885152816772,365,378
42570042,From watershed to lagoon: Occurrence and ecological risk of paracetamol in the Segara Anakan coastal ecosystem.,2026-08-08,10.1007/s11356-026-38131-x,42570042,paracetamol,Chemical,0.9981803894042969,748,759
42570042,From watershed to lagoon: Occurrence and ecological risk of paracetamol in the Segara Anakan coastal ecosystem.,2026-08-08,10.1007/s11356-026-38131-x,42570042,paracetamol,Chemical,0.9982854723930359,948,959
42480728,"Fast-dissolving cyclodextrin nanofibers loaded with acetylsalicylic acid, paracetamol and caffeine combination for the pain treatment.",2026-07-21,10.1016/j.ijpharm.2026.127211,42480728,acetylsalicylic acid,Chemical,0.9980417490005493,52,72
42480728,"Fast-dissolving cyclodextrin nanofibers loaded with acetylsalicylic acid, paracetamol and caffeine combination for the pain treatment.",2026-07-21,10.1016/j.ijpharm.2026.127211,42480728,paracetamol,Chemical,0.9980762004852295,74,85
42480728,"Fast-dissolving cyclodextrin nanofibers loaded with acetylsalicylic acid, paracetamol and caffeine combination for the pain treatment.",2026-07-21,10.1016/j.ijpharm.2026.127211,42480728,caffeine,Chemical,0.9982240796089172,90,98
42480728,"Fast-dissolving cyclodextrin nanofibers loaded with acetylsalicylic acid, paracetamol and caffeine combination for the pain treatment.",2026-07-21,10.1016/j.ijpharm.2026.127211,42480728,pain,Disease,0.9907834529876709,119,123
42480728,"Fast-dissolving cyclodextrin nanofibers loaded with acetylsalicylic acid, paracetamol and caffeine combination for the pain treatment.",2026-07-21,10.1016/j.ijpharm.2026.127211,42480728,hydroxypropyl - β - cyclodextrin,Chemical,0.9565386772155762,205,233
42480728,"Fast-dissolving cyclodextrin nanofibers loaded with acetylsalicylic acid, paracetamol and caffeine combination for the pain treatment.",2026-07-21,10.1016/j.ijpharm.2026.127211,42480728,acetylsalicylic acid,Chemical,0.9979690313339233,304,324
42480728,"Fast-dissolving cyclodextrin nanofibers loaded with acetylsalicylic acid, paracetamol and caffeine combination for the pain treatment.",2026-07-21,10.1016/j.ijpharm.2026.127211,42480728,aspirin,Chemical,0.9966711401939392,326,333
42480728,"Fast-dissolving cyclodextrin nanofibers loaded with acetylsalicylic acid, paracetamol and caffeine combination for the pain treatment.",2026-07-21,10.1016/j.ijpharm.2026.127211,42480728,paracetamol,Chemical,0.997602641582489,336,347
42480728,"Fast-dissolving cyclodextrin nanofibers loaded with acetylsalicylic acid, paracetamol and caffeine combination for the pain treatment.",2026-07-21,10.1016/j.ijpharm.2026.127211,42480728,caffeine,Chemical,0.9979117512702942,353,361
42480728,"Fast-dissolving cyclodextrin nanofibers loaded with acetylsalicylic acid, paracetamol and caffeine combination for the pain treatment.",2026-07-21,10.1016/j.ijpharm.2026.127211,42480728,apc,Chemical,0.9792962074279785,363,366
42480728,"Fast-dissolving cyclodextrin nanofibers loaded with acetylsalicylic acid, paracetamol and caffeine combination for the pain treatment.",2026-07-21,10.1016/j.ijpharm.2026.127211,42480728,headache,Disease,0.994540274143219,504,512
42480728,"Fast-dissolving cyclodextrin nanofibers loaded with acetylsalicylic acid, paracetamol and caffeine combination for the pain treatment.",2026-07-21,10.1016/j.ijpharm.2026.127211,42480728,migraine,Disease,0.992866039276123,517,525
42480728,"Fast-dissolving cyclodextrin nanofibers loaded with acetylsalicylic acid, paracetamol and caffeine combination for the pain treatment.",2026-07-21,10.1016/j.ijpharm.2026.127211,42480728,excedrin,Chemical,0.9972891807556152,775,783
42480728,"Fast-dissolving cyclodextrin nanofibers loaded with acetylsalicylic acid, paracetamol and caffeine combination for the pain treatment.",2026-07-21,10.1016/j.ijpharm.2026.127211,42480728,acetylsalicylic acid,Chemical,0.9978939294815063,858,878
42480728,"Fast-dissolving cyclodextrin nanofibers loaded with acetylsalicylic acid, paracetamol and caffeine combination for the pain treatment.",2026-07-21,10.1016/j.ijpharm.2026.127211,42480728,paracetamol,Chemical,0.9977317452430725,883,894
42397304,N-acetylcysteine for non-paracetamol-induced acute liver failure in children: A systematic review and meta-analysis.,2026-07-03,10.1002/bcp.70680,42397304,n - acetylcysteine,Chemical,0.9974867105484009,0,16
42397304,N-acetylcysteine for non-paracetamol-induced acute liver failure in children: A systematic review and meta-analysis.,2026-07-03,10.1002/bcp.70680,42397304,paracetamol,Chemical,0.9551815986633301,25,36
42397304,N-acetylcysteine for non-paracetamol-induced acute liver failure in children: A systematic review and meta-analysis.,2026-07-03,10.1002/bcp.70680,42397304,acute liver failure,Disease,0.9855895638465881,45,64
42397304,N-acetylcysteine for non-paracetamol-induced acute liver failure in children: A systematic review and meta-analysis.,2026-07-03,10.1002/bcp.70680,42397304,acute liver failure,Disease,0.9835426807403564,146,165
42397304,N-acetylcysteine for non-paracetamol-induced acute liver failure in children: A systematic review and meta-analysis.,2026-07-03,10.1002/bcp.70680,42397304,alf,Disease,0.9872915744781494,167,170
42397304,N-acetylcysteine for non-paracetamol-induced acute liver failure in children: A systematic review and meta-analysis.,2026-07-03,10.1002/bcp.70680,42397304,n - acetylcysteine,Chemical,0.9973894357681274,238,254
42397304,N-acetylcysteine for non-paracetamol-induced acute liver failure in children: A systematic review and meta-analysis.,2026-07-03,10.1002/bcp.70680,42397304,nac,Chemical,0.9968840479850769,256,259
42397304,N-acetylcysteine for non-paracetamol-induced acute liver failure in children: A systematic review and meta-analysis.,2026-07-03,10.1002/bcp.70680,42397304,paracetamol,Chemical,0.9911487102508545,284,295
42397304,N-acetylcysteine for non-paracetamol-induced acute liver failure in children: A systematic review and meta-analysis.,2026-07-03,10.1002/bcp.70680,42397304,alf,Disease,0.9851721525192261,304,307
42397304,N-acetylcysteine for non-paracetamol-induced acute liver failure in children: A systematic review and meta-analysis.,2026-07-03,10.1002/bcp.70680,42397304,alf,Disease,0.7832751274108887,351,354
42397304,N-acetylcysteine for non-paracetamol-induced acute liver failure in children: A systematic review and meta-analysis.,2026-07-03,10.1002/bcp.70680,42397304,nac,Chemical,0.9970908164978027,451,454
42397304,N-acetylcysteine for non-paracetamol-induced acute liver failure in children: A systematic review and meta-analysis.,2026-07-03,10.1002/bcp.70680,42397304,paracetamol,Chemical,0.9453079700469971,487,498
42397304,N-acetylcysteine for non-paracetamol-induced acute liver failure in children: A systematic review and meta-analysis.,2026-07-03,10.1002/bcp.70680,42397304,alf,Disease,0.987498939037323,507,510
42397304,N-acetylcysteine for non-paracetamol-induced acute liver failure in children: A systematic review and meta-analysis.,2026-07-03,10.1002/bcp.70680,42397304,nac,Chemical,0.9970134496688843,707,710
42397304,N-acetylcysteine for non-paracetamol-induced acute liver failure in children: A systematic review and meta-analysis.,2026-07-03,10.1002/bcp.70680,42397304,paracetamol,Chemical,0.9680110812187195,719,730
42397304,N-acetylcysteine for non-paracetamol-induced acute liver failure in children: A systematic review and meta-analysis.,2026-07-03,10.1002/bcp.70680,42397304,alf,Disease,0.9856281280517578,739,742
42397304,N-acetylcysteine for non-paracetamol-induced acute liver failure in children: A systematic review and meta-analysis.,2026-07-03,10.1002/bcp.70680,42397304,nac,Chemical,0.994288444519043,1112,1115
42397304,N-acetylcysteine for non-paracetamol-induced acute liver failure in children: A systematic review and meta-analysis.,2026-07-03,10.1002/bcp.70680,42397304,nac,Chemical,0.9925132393836975,1167,1170
42397304,N-acetylcysteine for non-paracetamol-induced acute liver failure in children: A systematic review and meta-analysis.,2026-07-03,10.1002/bcp.70680,42397304,nac,Chemical,0.9870136380195618,1275,1278
42397304,N-acetylcysteine for non-paracetamol-induced acute liver failure in children: A systematic review and meta-analysis.,2026-07-03,10.1002/bcp.70680,42397304,nac,Chemical,0.9971640706062317,1382,1385
42397304,N-acetylcysteine for non-paracetamol-induced acute liver failure in children: A systematic review and meta-analysis.,2026-07-03,10.1002/bcp.70680,42397304,paracetamol,Chemical,0.9084821343421936,1494,1505
42397304,N-acetylcysteine for non-paracetamol-induced acute liver failure in children: A systematic review and meta-analysis.,2026-07-03,10.1002/bcp.70680,42397304,alf,Disease,0.9861947298049927,1514,1517
42397304,N-acetylcysteine for non-paracetamol-induced acute liver failure in children: A systematic review and meta-analysis.,2026-07-03,10.1002/bcp.70680,42397304,nac,Chemical,0.9975957274436951,1845,1848
42397304,N-acetylcysteine for non-paracetamol-induced acute liver failure in children: A systematic review and meta-analysis.,2026-07-03,10.1002/bcp.70680,42397304,paracetamol,Chemical,0.948104202747345,1856,1867
42397304,N-acetylcysteine for non-paracetamol-induced acute liver failure in children: A systematic review and meta-analysis.,2026-07-03,10.1002/bcp.70680,42397304,alf,Disease,0.98700350522995,1876,1879
42371637,Prenatal Acetaminophen (Paracetamol) Use and the Risk of Autism and/or Attention-Deficit/Hyperactivity Disorder Among Sibling-Matched Cohorts.,2026-06-29,10.1001/jamainternmed.2026.2215,42371637,acetaminophen,Chemical,0.9982218146324158,9,22
42371637,Prenatal Acetaminophen (Paracetamol) Use and the Risk of Autism and/or Attention-Deficit/Hyperactivity Disorder Among Sibling-Matched Cohorts.,2026-06-29,10.1001/jamainternmed.2026.2215,42371637,paracetamol,Chemical,0.998023509979248,24,35
42371637,Prenatal Acetaminophen (Paracetamol) Use and the Risk of Autism and/or Attention-Deficit/Hyperactivity Disorder Among Sibling-Matched Cohorts.,2026-06-29,10.1001/jamainternmed.2026.2215,42371637,autism and / or,Disease,0.7402437925338745,57,70
42371637,Prenatal Acetaminophen (Paracetamol) Use and the Risk of Autism and/or Attention-Deficit/Hyperactivity Disorder Among Sibling-Matched Cohorts.,2026-06-29,10.1001/jamainternmed.2026.2215,42371637,attention - deficit / hyperactivity disorder,Disease,0.9939074516296387,71,111
42371637,Prenatal Acetaminophen (Paracetamol) Use and the Risk of Autism and/or Attention-Deficit/Hyperactivity Disorder Among Sibling-Matched Cohorts.,2026-06-29,10.1001/jamainternmed.2026.2215,42371637,paracetamol,Chemical,0.9982459545135498,153,164
42371637,Prenatal Acetaminophen (Paracetamol) Use and the Risk of Autism and/or Attention-Deficit/Hyperactivity Disorder Among Sibling-Matched Cohorts.,2026-06-29,10.1001/jamainternmed.2026.2215,42371637,acetaminophen,Chemical,0.9980498552322388,166,179
42371637,Prenatal Acetaminophen (Paracetamol) Use and the Risk of Autism and/or Attention-Deficit/Hyperactivity Disorder Among Sibling-Matched Cohorts.,2026-06-29,10.1001/jamainternmed.2026.2215,42371637,autism spectrum disorder,Disease,0.9942846298217773,336,360
42371637,Prenatal Acetaminophen (Paracetamol) Use and the Risk of Autism and/or Attention-Deficit/Hyperactivity Disorder Among Sibling-Matched Cohorts.,2026-06-29,10.1001/jamainternmed.2026.2215,42371637,asd,Disease,0.9833139181137085,362,365
42371637,Prenatal Acetaminophen (Paracetamol) Use and the Risk of Autism and/or Attention-Deficit/Hyperactivity Disorder Among Sibling-Matched Cohorts.,2026-06-29,10.1001/jamainternmed.2026.2215,42371637,attention - deficit / hyperactivity disorder,Disease,0.9955089092254639,371,411
42371637,Prenatal Acetaminophen (Paracetamol) Use and the Risk of Autism and/or Attention-Deficit/Hyperactivity Disorder Among Sibling-Matched Cohorts.,2026-06-29,10.1001/jamainternmed.2026.2215,42371637,adhd,Disease,0.9784610867500305,413,417
42371637,Prenatal Acetaminophen (Paracetamol) Use and the Risk of Autism and/or Attention-Deficit/Hyperactivity Disorder Among Sibling-Matched Cohorts.,2026-06-29,10.1001/jamainternmed.2026.2215,42371637,paracetamol,Chemical,0.9982787370681763,611,622
42371637,Prenatal Acetaminophen (Paracetamol) Use and the Risk of Autism and/or Attention-Deficit/Hyperactivity Disorder Among Sibling-Matched Cohorts.,2026-06-29,10.1001/jamainternmed.2026.2215,42371637,asd,Disease,0.9891259670257568,644,647
42371637,Prenatal Acetaminophen (Paracetamol) Use and the Risk of Autism and/or Attention-Deficit/Hyperactivity Disorder Among Sibling-Matched Cohorts.,2026-06-29,10.1001/jamainternmed.2026.2215,42371637,adhd,Disease,0.9886375069618225,652,656
42371637,Prenatal Acetaminophen (Paracetamol) Use and the Risk of Autism and/or Attention-Deficit/Hyperactivity Disorder Among Sibling-Matched Cohorts.,2026-06-29,10.1001/jamainternmed.2026.2215,42371637,paracetamol,Chemical,0.9976338148117065,1048,1059
42371637,Prenatal Acetaminophen (Paracetamol) Use and the Risk of Autism and/or Attention-Deficit/Hyperactivity Disorder Among Sibling-Matched Cohorts.,2026-06-29,10.1001/jamainternmed.2026.2215,42371637,paracetamol,Chemical,0.9979521632194519,1163,1174
42371637,Prenatal Acetaminophen (Paracetamol) Use and the Risk of Autism and/or Attention-Deficit/Hyperactivity Disorder Among Sibling-Matched Cohorts.,2026-06-29,10.1001/jamainternmed.2026.2215,42371637,asd,Disease,0.9851910471916199,1223,1226
42371637,Prenatal Acetaminophen (Paracetamol) Use and the Risk of Autism and/or Attention-Deficit/Hyperactivity Disorder Among Sibling-Matched Cohorts.,2026-06-29,10.1001/jamainternmed.2026.2215,42371637,adhd,Disease,0.9947658777236938,1244,1248
42371637,Prenatal Acetaminophen (Paracetamol) Use and the Risk of Autism and/or Attention-Deficit/Hyperactivity Disorder Among Sibling-Matched Cohorts.,2026-06-29,10.1001/jamainternmed.2026.2215,42371637,paracetamol,Chemical,0.998153030872345,1336,1347
42371637,Prenatal Acetaminophen (Paracetamol) Use and the Risk of Autism and/or Attention-Deficit/Hyperactivity Disorder Among Sibling-Matched Cohorts.,2026-06-29,10.1001/jamainternmed.2026.2215,42371637,asd,Disease,0.9888261556625366,1658,1661
42371637,Prenatal Acetaminophen (Paracetamol) Use and the Risk of Autism and/or Attention-Deficit/Hyperactivity Disorder Among Sibling-Matched Cohorts.,2026-06-29,10.1001/jamainternmed.2026.2215,42371637,adhd,Disease,0.9937790036201477,1680,1684
42371637,Prenatal Acetaminophen (Paracetamol) Use and the Risk of Autism and/or Attention-Deficit/Hyperactivity Disorder Among Sibling-Matched Cohorts.,2026-06-29,10.1001/jamainternmed.2026.2215,42371637,adhd,Disease,0.9762384295463562,1718,1722
42371637,Prenatal Acetaminophen (Paracetamol) Use and the Risk of Autism and/or Attention-Deficit/Hyperactivity Disorder Among Sibling-Matched Cohorts.,2026-06-29,10.1001/jamainternmed.2026.2215,42371637,methylphenidate,Chemical,0.9980432987213135,1766,1781
42371637,Prenatal Acetaminophen (Paracetamol) Use and the Risk of Autism and/or Attention-Deficit/Hyperactivity Disorder Among Sibling-Matched Cohorts.,2026-06-29,10.1001/jamainternmed.2026.2215,42371637,atomoxetine,Chemical,0.9974206686019897,1783,1794
42371637,Prenatal Acetaminophen (Paracetamol) Use and the Risk of Autism and/or Attention-Deficit/Hyperactivity Disorder Among Sibling-Matched Cohorts.,2026-06-29,10.1001/jamainternmed.2026.2215,42371637,lisdexamfetamine,Chemical,0.9976839423179626,1799,1815
42371637,Prenatal Acetaminophen (Paracetamol) Use and the Risk of Autism and/or Attention-Deficit/Hyperactivity Disorder Among Sibling-Matched Cohorts.,2026-06-29,10.1001/jamainternmed.2026.2215,42371637,asd,Disease,0.9677929878234863,1893,1896
42371637,Prenatal Acetaminophen (Paracetamol) Use and the Risk of Autism and/or Attention-Deficit/Hyperactivity Disorder Among Sibling-Matched Cohorts.,2026-06-29,10.1001/jamainternmed.2026.2215,42371637,adhd,Disease,0.9940217137336731,2003,2007
42371637,Prenatal Acetaminophen (Paracetamol) Use and the Risk of Autism and/or Attention-Deficit/Hyperactivity Disorder Among Sibling-Matched Cohorts.,2026-06-29,10.1001/jamainternmed.2026.2215,42371637,paracetamol,Chemical,0.9983186721801758,2132,2143
42371637,Prenatal Acetaminophen (Paracetamol) Use and the Risk of Autism and/or Attention-Deficit/Hyperactivity Disorder Among Sibling-Matched Cohorts.,2026-06-29,10.1001/jamainternmed.2026.2215,42371637,asd,Disease,0.9888960123062134,2189,2192
42371637,Prenatal Acetaminophen (Paracetamol) Use and the Risk of Autism and/or Attention-Deficit/Hyperactivity Disorder Among Sibling-Matched Cohorts.,2026-06-29,10.1001/jamainternmed.2026.2215,42371637,adhd,Disease,0.9932768940925598,2251,2255
42371637,Prenatal Acetaminophen (Paracetamol) Use and the Risk of Autism and/or Attention-Deficit/Hyperactivity Disorder Among Sibling-Matched Cohorts.,2026-06-29,10.1001/jamainternmed.2026.2215,42371637,asd,Disease,0.9933295249938965,2629,2632
42371637,Prenatal Acetaminophen (Paracetamol) Use and the Risk of Autism and/or Attention-Deficit/Hyperactivity Disorder Among Sibling-Matched Cohorts.,2026-06-29,10.1001/jamainternmed.2026.2215,42371637,adhd,Disease,0.9919748902320862,2667,2671
42371637,Prenatal Acetaminophen (Paracetamol) Use and the Risk of Autism and/or Attention-Deficit/Hyperactivity Disorder Among Sibling-Matched Cohorts.,2026-06-29,10.1001/jamainternmed.2026.2215,42371637,paracetamol,Chemical,0.998521625995636,2847,2858
42371637,Prenatal Acetaminophen (Paracetamol) Use and the Risk of Autism and/or Attention-Deficit/Hyperactivity Disorder Among Sibling-Matched Cohorts.,2026-06-29,10.1001/jamainternmed.2026.2215,42371637,asd,Disease,0.9935810565948486,2884,2887
42371637,Prenatal Acetaminophen (Paracetamol) Use and the Risk of Autism and/or Attention-Deficit/Hyperactivity Disorder Among Sibling-Matched Cohorts.,2026-06-29,10.1001/jamainternmed.2026.2215,42371637,adhd,Disease,0.9813215136528015,2891,2895
42371637,Prenatal Acetaminophen (Paracetamol) Use and the Risk of Autism and/or Attention-Deficit/Hyperactivity Disorder Among Sibling-Matched Cohorts.,2026-06-29,10.1001/jamainternmed.2026.2215,42371637,paracetamol,Chemical,0.9985049962997437,3099,3110
42332045,The clinical utility of paracetamol serum concentration monitoring for patent ductus arteriosus treatment in preterm infants.,2026-06-22,10.1038/s41372-026-02750-6,42332045,paracetamol,Chemical,0.9982877373695374,24,35
42332045,The clinical utility of paracetamol serum concentration monitoring for patent ductus arteriosus treatment in preterm infants.,2026-06-22,10.1038/s41372-026-02750-6,42332045,patent ductus arteriosus,Disease,0.994728684425354,71,95
42332045,The clinical utility of paracetamol serum concentration monitoring for patent ductus arteriosus treatment in preterm infants.,2026-06-22,10.1038/s41372-026-02750-6,42332045,paracetamol,Chemical,0.9983171224594116,155,166
42332045,The clinical utility of paracetamol serum concentration monitoring for patent ductus arteriosus treatment in preterm infants.,2026-06-22,10.1038/s41372-026-02750-6,42332045,hepatic or renal toxicity,Disease,0.9354454278945923,233,258
42332045,The clinical utility of paracetamol serum concentration monitoring for patent ductus arteriosus treatment in preterm infants.,2026-06-22,10.1038/s41372-026-02750-6,42332045,patent ductus arteriosus,Disease,0.993699848651886,385,409
42332045,The clinical utility of paracetamol serum concentration monitoring for patent ductus arteriosus treatment in preterm infants.,2026-06-22,10.1038/s41372-026-02750-6,42332045,hspda,Disease,0.9318482875823975,411,416
42332045,The clinical utility of paracetamol serum concentration monitoring for patent ductus arteriosus treatment in preterm infants.,2026-06-22,10.1038/s41372-026-02750-6,42332045,paracetamol,Chemical,0.9983559250831604,509,520
42332045,The clinical utility of paracetamol serum concentration monitoring for patent ductus arteriosus treatment in preterm infants.,2026-06-22,10.1038/s41372-026-02750-6,42332045,hspda,Disease,0.8491201400756836,525,530
42332045,The clinical utility of paracetamol serum concentration monitoring for patent ductus arteriosus treatment in preterm infants.,2026-06-22,10.1038/s41372-026-02750-6,42332045,paracetamol,Chemical,0.9981821775436401,564,575
42332045,The clinical utility of paracetamol serum concentration monitoring for patent ductus arteriosus treatment in preterm infants.,2026-06-22,10.1038/s41372-026-02750-6,42332045,pda,Disease,0.9097331166267395,731,734
42332045,The clinical utility of paracetamol serum concentration monitoring for patent ductus arteriosus treatment in preterm infants.,2026-06-22,10.1038/s41372-026-02750-6,42332045,paracetamol,Chemical,0.998134434223175,810,821
42332045,The clinical utility of paracetamol serum concentration monitoring for patent ductus arteriosus treatment in preterm infants.,2026-06-22,10.1038/s41372-026-02750-6,42332045,pda,Disease,0.8963302969932556,871,874
42332045,The clinical utility of paracetamol serum concentration monitoring for patent ductus arteriosus treatment in preterm infants.,2026-06-22,10.1038/s41372-026-02750-6,42332045,creatinine,Chemical,0.9948570728302002,951,961
42332045,The clinical utility of paracetamol serum concentration monitoring for patent ductus arteriosus treatment in preterm infants.,2026-06-22,10.1038/s41372-026-02750-6,42332045,paracetamol,Chemical,0.9982503056526184,1156,1167
42309698,PaSo paracetamol with strong opioids trial: paracetamol versus placebo in conjunction with strong opioids for cancer pain-a pilot randomised placebo-controlled withdrawal trial.,2026-06-17,10.1136/spcare-2026-006267,42309698,paracetamol,Chemical,0.9929783940315247,5,16
42309698,PaSo paracetamol with strong opioids trial: paracetamol versus placebo in conjunction with strong opioids for cancer pain-a pilot randomised placebo-controlled withdrawal trial.,2026-06-17,10.1136/spcare-2026-006267,42309698,paracetamol,Chemical,0.9962533712387085,44,55
42309698,PaSo paracetamol with strong opioids trial: paracetamol versus placebo in conjunction with strong opioids for cancer pain-a pilot randomised placebo-controlled withdrawal trial.,2026-06-17,10.1136/spcare-2026-006267,42309698,cancer pain,Disease,0.9674345254898071,110,121
42309698,PaSo paracetamol with strong opioids trial: paracetamol versus placebo in conjunction with strong opioids for cancer pain-a pilot randomised placebo-controlled withdrawal trial.,2026-06-17,10.1136/spcare-2026-006267,42309698,paracetamol,Chemical,0.9967632293701172,254,265
42309698,PaSo paracetamol with strong opioids trial: paracetamol versus placebo in conjunction with strong opioids for cancer pain-a pilot randomised placebo-controlled withdrawal trial.,2026-06-17,10.1136/spcare-2026-006267,42309698,cancer pain,Disease,0.9606019854545593,324,335
42309698,PaSo paracetamol with strong opioids trial: paracetamol versus placebo in conjunction with strong opioids for cancer pain-a pilot randomised placebo-controlled withdrawal trial.,2026-06-17,10.1136/spcare-2026-006267,42309698,paracetamol,Chemical,0.9972410202026367,530,541
42309698,PaSo paracetamol with strong opioids trial: paracetamol versus placebo in conjunction with strong opioids for cancer pain-a pilot randomised placebo-controlled withdrawal trial.,2026-06-17,10.1136/spcare-2026-006267,42309698,cancer - related pain,Disease,0.9435174465179443,603,622
42309698,PaSo paracetamol with strong opioids trial: paracetamol versus placebo in conjunction with strong opioids for cancer pain-a pilot randomised placebo-controlled withdrawal trial.,2026-06-17,10.1136/spcare-2026-006267,42309698,cancer,Disease,0.9945250749588013,687,693
42309698,PaSo paracetamol with strong opioids trial: paracetamol versus placebo in conjunction with strong opioids for cancer pain-a pilot randomised placebo-controlled withdrawal trial.,2026-06-17,10.1136/spcare-2026-006267,42309698,paracetamol,Chemical,0.9974237680435181,709,720
42309698,PaSo paracetamol with strong opioids trial: paracetamol versus placebo in conjunction with strong opioids for cancer pain-a pilot randomised placebo-controlled withdrawal trial.,2026-06-17,10.1136/spcare-2026-006267,42309698,pain,Disease,0.9903708100318909,756,760
42309698,PaSo paracetamol with strong opioids trial: paracetamol versus placebo in conjunction with strong opioids for cancer pain-a pilot randomised placebo-controlled withdrawal trial.,2026-06-17,10.1136/spcare-2026-006267,42309698,paracetamol,Chemical,0.9969003200531006,863,874
42309698,PaSo paracetamol with strong opioids trial: paracetamol versus placebo in conjunction with strong opioids for cancer pain-a pilot randomised placebo-controlled withdrawal trial.,2026-06-17,10.1136/spcare-2026-006267,42309698,pain,Disease,0.987191915512085,1046,1050
42309698,PaSo paracetamol with strong opioids trial: paracetamol versus placebo in conjunction with strong opioids for cancer pain-a pilot randomised placebo-controlled withdrawal trial.,2026-06-17,10.1136/spcare-2026-006267,42309698,pain,Disease,0.9913043975830078,1372,1376
42309698,PaSo paracetamol with strong opioids trial: paracetamol versus placebo in conjunction with strong opioids for cancer pain-a pilot randomised placebo-controlled withdrawal trial.,2026-06-17,10.1136/spcare-2026-006267,42309698,paracetamol,Chemical,0.9965445399284363,1467,1478
42309698,PaSo paracetamol with strong opioids trial: paracetamol versus placebo in conjunction with strong opioids for cancer pain-a pilot randomised placebo-controlled withdrawal trial.,2026-06-17,10.1136/spcare-2026-006267,42309698,pain,Disease,0.9679655432701111,1828,1832
