paper_id,source,pmid,pmcid,doi,title,abstract,publication_date,journal,authors,article_type,is_open_access
42593827,MED,42593827,,10.1002/vms3.71098,Quantifying the Equine Pain Response to Paracetamol Administration in Horses With Chronic Lameness Already Receiving Non-Steroidal Anti-Inflammatories.,"Paracetamol is used in horses alongside non-steroidal anti-inflammatories (NSAIDs) for multi-modal analgesia; however to date there are few studies published which have investigated its analgesic effect in the horse. Horses were recruited to this study from a population of geriatric horses at The Horse Trust. Horses were selected based on the following inclusion criteria; documented naturally occurring chronic lameness and being treated with an NSAID at the licensed dose and dosing interval. This population was assessed with a five-point subjective lameness grading system performed live by two observers and an objective gait assessment tool (EquiGait5). Assessments were performed weekly during the 8-week study period with 2 weeks of baseline assessments. Following this paracetamol was administered for a period of 4 weeks at 20 mg/kg per os twice daily. Paracetamol was then discontinued, and horses monitored for two further weeks. Twenty-five horses were included. Median subjective lameness grade before treatment was 1 (Range: 1-3) and did not change during the treatment period. Interobserver agreement was moderate to very good for forelimb lameness and was moderate to good for hindlimb lameness. There was no statistically significant difference between time points when assessing lameness with the objective gait analysis. In a population of mild chronically lame retired horses receiving NSAIDs, oral paracetamol at 20 mg/kg did not significantly reduce the lameness severity when assessed with both subjective and objective gait analysis.",2026-09-01,,"Conduit S, Bowen M, Bailey J, Redpath A.",,N
42538346,MED,42538346,,10.1038/s41390-026-05352-2,Paracetamol as analgesic and risk of bronchopulmonary dysplasia in extremely preterm infants: a secondary analysis of the BeNeDuctus trial.,"Background Paracetamol is increasingly used as analgesic and to treat patent ductus arteriosus (PDA) in preterm infants, though preclinical data suggest it may potentially harm the developing lung. The BeNeDuctus trial compared expectant PDA management versus ibuprofen in infants with gestational age Methods The 273 infants enrolled in the BeNeDuctus were classified into four subgroups based on their exposure to paracetamol (n = 30), ibuprofen (n = 87), paracetamol and ibuprofen (n = 49), or no exposure (control, n = 107). Multivariable logistic regression was used to calculate adjusted odds ratios (aORs) and 95% confidence intervals (CIs). Confounders were selected based on a Directed Acyclic Graph. Results Compared with the control group, exposure to paracetamol alone (aOR 3.22, CI 1.05-9.89), ibuprofen alone (aOR 2.90, CI 1.40-6.03), or paracetamol and ibuprofen (aOR 3.88, CI 1.57-9.57) was associated with an increased odds of moderate-to-severe BPD. Conclusion Our data suggest that paracetamol, used for pain management, increased the risk of moderate-to-severe BPD. This finding supports the calls for a thorough evaluation of the safety of paracetamol on the developing lungs of extremely preterm infants. Impact Paracetamol is gaining interest as pharmacological treatment for patent ductus arteriosus (PDA) in extremely preterm infants. Safety is assumed, based on data from studies evaluating the effects of paracetamol exposure on liver function, although recently concerns on lung development are emerging. This study supports the urgent need for additional research on the safety of paracetamol as treatment option for PDA, but also for other indications in extremely preterm infants, with regard to lung development.",2026-07-31,,"Hoornenborg LW, Hafner LW, Wright CJ, de Boode WP, Villamor E, Hundscheid T, BeNeDuctus trial study group.",,N
42541539,MED,42541539,,10.1007/s00414-026-03942-7,Paracetamol (acetaminophen) intoxication and basal fatty tubular vacuolisation: a case-control study and review of the literature.,"Basal fatty tubular vacuolisation (BFTV) of the kidneys has mostly been associated with ketoacidosis. Its occurrence in paracetamol intoxication has not been described. Paracetamol in overdose is hepatotoxic and nephrotoxic but does not cause ketoacidosis. This study aimed at investigating whether BFTV occurs in paracetamol intoxication. The Swedish National Board of Forensic Medicine database was searched for the Uppsala area for 2016-2024 for paracetamol intoxication cases with kidney samples taken. Two equally-sized control groups, matched for age, sex and post-mortem interval, were selected from the same period: other intoxications and hangings. The kidney slides were evaluated by both authors for BFTV according to the scale ""none-possible-scant-easily identifiable"". The kidney slides were also marked with ten fields and evaluated for the number of fields with BFTV and for the number of fields with formalin pigment deposition. A Kruskal-Wallis test was used to calculate significant differences between the groups. Spearman's rho was used to evaluate associations and a p-value < 0.05 was considered statistically significant. The database search yielded 24 cases. Paracetamol intoxications showed a higher degree of BFTV and more BFTV-positive fields than both control groups (p < 0.05). The number of BFTV-fields correlated with the degree of BFTV and the number of fields with formalin pigment deposition (Spearman's rho 0.691 and 0.544, respectively, p < 0.001). The correlation between the authors' assessments was moderate. Thus, the present study found an association between paracetamol intoxication and BFTV. This likely represents a renal stress reaction due to paracetamol toxicity and not ketoacidosis.",2026-08-01,,"Stina A, Fredrik T.",,N
42589699,MED,42589699,,10.3390/ijms27157049,"pH-Responsive Carboxymethyl Cellulose-Encapsulating Hesperidin-Selenium Nanoparticles Attenuate Paracetamol-Induced Acute Kidney Injury via Keap-1/Nrf2, NF-κB, and Mitochondrial Apoptosis Modulation.","Paracetamol overdose is a major cause of drug-induced acute kidney injury (AKI), driven by oxidative stress, inflammation, mitochondrial dysfunction, and tubular apoptosis. This study evaluated the nephroprotective efficacy of pH-responsive carboxymethyl cellulose-encapsulated hesperidin-stabilized selenium nanoparticles (CMC@HES-SeNPs) against paracetamol-induced AKI in rats. HES-SeNPs were synthesized using hesperidin as a reducing/stabilizing agent and further coated with CMC. The nanoparticles were characterized by DLS, zeta potential, TEM, and in vitro release kinetics at pH 7.4 and 5.5. 42 Male rats were allocated into groups of control, paracetamol (PAR), paracetamol treated with sodium selenite (PAR&Se), paracetamol treated with hesperidin (PAR&HES), paracetamol treated with hesperidin-loaded selenium nanoparticles (PAR&HES-SeNPs), and paracetamol treated with carboxy methyl cellulose-coated hesperidin-loaded selenium nanoparticles (PAR&CMC@HES-SeNPs). Paracetamol markedly impaired renal function, increasing creatinine, urea, NGAL, KIM-1, and cystatin-C, and induced oxidative/nitrosative stress, Keap-1 upregulation, Nrf2 suppression, NF-κB-mediated inflammation, cytochrome-C release, Bax/Bcl-2 imbalance, caspase-3 activation, and severe renal histopathological injury. CMC@HES-SeNPs displayed sustained, pH-enhanced hesperidin release and produced the strongest renoprotective response, restoring renal biomarkers, associated with restoration of Keap-1/Nrf2-related antioxidant markers, reduction in TNF-α, IL-6, NF-κB , and caspase-3, increased IL-10, and preservation of renal architecture. Collectively, these results indicate that CMC@HES-SeNPs represent a promising multifunctional nanoplatform for mitigating paracetamol-induced AKI in association with coordinated modulation of redox, inflammatory, and mitochondrial apoptotic markers, and highlight CMC encapsulation as a rational strategy to enhance selenium-flavonoid delivery and efficacy for future drug-induced AKI management and translation.",2026-08-06,,"Gadelmawla MHA, Alam-Eldein KM, Saleh A, Adel S, Ali H, Ayman S, Tarek E, Mahran NA, Ashour AM, Alorfi NM, Alshehri FS, El-Sayed WN, Faraag AHI, Khames A, Selim SM.",,N
PPR1292743,PPR,,,10.21203/rs.3.rs-10328225/v1,Paracetamol Overdose in Children Presenting to a Pediatric Hospital: A Five-Year Retrospective Study on Incidence and Formulation Confusion,"Abstract Background Paracetamol overdose is a preventable cause of medication-related harm in young children. In settings where multiple paediatric liquid formulations are available, caregiver confusion between concentrated drops and syrup may lead to substantial dosing errors. Evidence from Nepal remains limited. This study examined the hospital-based incidence, mechanisms, and outcomes of paracetamol overdose in young children, with particular attention to formulation-related confusion. Methods A retrospective hospital-based study was conducted at Siddhi Memorial Women and Children’s Hospital, Bhaktapur, Nepal, from 1 June 2020 to 30 May 2025. Children aged 0–5 years with diagnosed or suspected paracetamol overdose were identified through hospital record review. Data on demographics, formulation, dose, medicine source, symptoms, management, and outcomes were extracted. Structured caregiver interviews were conducted to clarify overdose circumstances, formulation confusion, dosing misunderstanding, and prevention suggestions. Descriptive statistics and content-based thematic classification were used. Results Twenty-three children aged 0–5 years were included. The overall hospital-based presentation rate was 4.77 per 10,000 under-five emergency visits. Annual case counts varied across the study period, with the highest number recorded in 2022–2023. The median age was approximately 11 months, and most cases occurred in infants. Concentrated paracetamol drops were the most frequently involved formulation, followed by regular syrup. Formulation confusion, particularly between drops and syrup, was the dominant mechanism, accompanied by frequent misunderstanding of mg/mL concentration and communication gaps related to verbal, previous, or unclear prescriptions. A substantial proportion of caregivers were unaware that multiple paracetamol formulations existed. Several children required hospital admission and N-acetylcysteine therapy, and liver enzyme elevation was recorded in a subset. No deaths or documented final complications occurred. Conclusions Paracetamol overdose in young children at this centre was mainly associated with formulation confusion between concentrated drops and regular syrup, compounded by low caregiver awareness, self-medication, and inadequate written instructions. Prevention should focus on standardized labelling, clear mL-based prescriptions, caregiver counselling, avoidance of telephone-only prescribing, and safer storage of medicines.",2026-08-06,,"Raya GB, Dhaubhadel S, Thapa R, Adhikari A, Bajracharya J.",,N
42535769,MED,42535769,,10.1002/jat.70367,Assessing Metabolic and Reproductive Consequences of Prenatal Paracetamol Exposure in Female CD1 Mice.,"Paracetamol is a widely used analgesic during pregnancy; however, emerging evidence suggests it may act as an endocrine/metabolism disrupting compound. Using an F1 female CD1 mouse model, this study scrutinized the long-term metabolic and reproductive consequences linked to intrauterine paracetamol exposure. Pregnant dams were administered paracetamol at three dose levels (Cmax/10, Cmax, and Cmax × 10) during a critical window of organogenesis (gestational days 7.5-16.5). Offspring were monitored until 17 weeks of age to assess growth, glucose homeostasis, lipidomic profiles, and ovarian histology. Prenatal exposure did not significantly affect total body weight but induced a dose-dependent increase in peritoneal adipose tissue mass, particularly in the Cmax × 10 group. Metabolic assessments revealed impaired glucose tolerance in the Cmax/10 group and increased insulin sensitivity across all dose groups. Adipose tissue gene expression analysis demonstrated upregulation of adipogenic markers (Pparγ, Lpl, Fasn), while untargeted lipidomics revealed consistent dysregulation of lipid species, including lysophosphatidylcholines (LPCs), phosphatidylcholines (PCs), sphingomyelins (SMs), and triacylglycerols (TGs), indicating altered lipid storage and inflammatory signaling. Histological evaluation showed a marked reduction in total follicle number and increased follicular atresia following paracetamol exposure. Degenerative changes in oocytes and granulosa cells were observed, and multi-oocyte follicles (MOFs) were detected exclusively in the Cmax/10. Collectively, these findings demonstrate that intrauterine paracetamol exposure induces persistent developmental reprogramming in female offspring, characterized by visceral adiposity, disrupted lipid homeostasis, and depletion of the ovarian reserve. Notably, several endpoints exhibited non-monotonic dose-response relationships, underscoring the sensitivity of developing systems to even subtherapeutic paracetamol exposure.",2026-07-31,,"Entezari B, Bozdag D, İnce-Erguc E, Buhur A, Tomruk CS, Sabuncuoglu S, Yavasoglu A, Gurer-Orhan H.",,N
42510954,MED,42510954,,10.3390/cimb48070714,Gestational Paracetamol (Acetaminophen) Toxicity Induces Behavioral and Structural Brain Defects in Rats.,"Paracetamol is a well-known analgesic drug. Studies linked gestational paracetamol use to disorders like autism and attention-deficit/hyperactivity disorder. This study aimed to evaluate the role of prenatal paracetamol exposure in 1-month-old offspring rats. Sixteen pregnant albino rats were divided into four groups: group I received saline; group II received sodium valproate 600 mg/kg i.p. on embryonic day 13; group III received paracetamol 100 mg/kg i.p. daily from embryonic day 13 to 21; group IV received paracetamol 300 mg/kg i.p. on embryonic day 13. Offspring were assessed for behavioral test parameters. Animal brains underwent histopathological and immunohistochemical analysis for brain-derived neurotrophic factor (BDNF). Offspring in groups II (valproic acid) and IV (single paracetamol dose) showed differences in neurobehavioral test parameters, supported by cerebellar and hippocampal pathology. BDNF-stained cerebellum and hippocampus sections from the valproic group and the single paracetamol group revealed focal staining in granular cerebellar cells and pyramidal hippocampal cells. These findings indicate that prenatal exposure to high doses of paracetamol induces neurodevelopmental pathology. The safety of paracetamol use during pregnancy requires further evaluation.",2026-07-13,,"Ali LH, Khalaf HA, Hamed SS, Helaly AM, Maghrabia AE, Ghorab D, El Bakary AA.",,N
42573610,MED,42573610,,10.1007/s00210-026-05800-0,Paracetamol-induced hepatic injury following intentional self-poisoning: a case report and therapeutic considerations.,"Paracetamol (acetaminophen) overdose is a common cause of drug-induced hepatocellular injury and represents an important clinical emergency requiring timely evaluation and evidence-based management. N-acetylcysteine (NAC) remains the established antidote for preventing the progression of hepatic injury when administered promptly. We describe the case of an 18-year-old female who intentionally ingested eight tablets of paracetamol (650 mg each; total dose 5.2 g) and four tablets of cetirizine (10 mg each) following psychosocial distress. On presentation, she reported abdominal pain and had a history of transient altered consciousness prior to hospital arrival. Initial biochemical evaluation demonstrated mild hepatocellular injury, with serum aspartate aminotransferase (AST) and alanine aminotransferase (ALT) levels of 250 IU/L and 300 IU/L, respectively, while serum bilirubin and coagulation parameters (PT/INR) remained within normal limits, indicating the absence of acute liver failure. Following clinical assessment, the patient underwent gastric decontamination and received the standard intravenous NAC regimen, supportive therapy, serial monitoring of liver function, and comprehensive psychiatric evaluation. Liver enzyme concentrations progressively declined during hospitalization, reaching AST 60 IU/L and ALT 70 IU/L by day 3, with complete clinical recovery and no evidence of hepatic complications. Psychiatric assessment identified underlying psychosocial factors contributing to the intentional overdose, and appropriate pharmacological treatment and follow-up were initiated before discharge. This case demonstrates that favorable outcomes can be achieved through early risk assessment, guideline-directed NAC therapy, serial biochemical monitoring, and multidisciplinary management addressing both the toxicological and psychosocial aspects of intentional paracetamol overdose.",2026-08-10,,"Misbah Ul Haq M, Yousuf Khan AK, Mohiuddin M, Fareedullah M.",,N
42328847,MED,42328847,PMC13284899,10.1002/psp4.70283,Population Pharmacokinetics and Pharmacodynamics of Paracetamol in Malaysian Patients With Plasmodium knowlesi Malaria.,"Paracetamol may improve renal function in patients with severe Plasmodium knowlesi malaria, particularly in those with acute kidney injury and hemolysis, via inhibition of cell-free hemoglobin mediated oxidative kidney damage. We developed a population pharmacokinetic/pharmacodynamic (PK/PD) model to assess effects of paracetamol on creatinine, hepatotoxicity, fever clearance, and parasite clearance among Malaysian patients with predominantly non-severe knowlesi malaria using data from the PACKNOW trial (Clinical Trials Registration: NCT03056391). A total of 372 patients were included in the PK/PD analyses (paracetamol: n = 183, control: n = 189). Paracetamol PK was described using a prior PK model published in patients with falciparum malaria. The PK/PD demonstrated that higher paracetamol exposures were associated with a faster decline in both creatinine and fever clearance time, supporting its renoprotective and antipyretic effects. Increased paracetamol exposure was not associated with hepatotoxicity or serious adverse events, despite a weak positive association with liver transaminases over time. No significant relationship was observed between paracetamol exposure and parasite clearance. Overall, these findings highlight an exposure-response relationship for paracetamol and a decline in creatinine, supporting its use as a renoprotective drug in treating Plasmodium knowlesi malaria.",2026-07-01,,"Wattanakul T, Cooper DJ, Plewes K, Grigg MJ, Rajahram GS, William T, Dondorp AM, Edstein MD, Birrell GW, Anstey NM, Hoglund RM, Barber BE, Tarning J.",,Y
42590464,MED,42590464,,10.3390/s26154689,Smart Sensor Based on Multiple Cascaded Michelson Interferometers with a Long-Period Fiber Grating for Recognition of Paracetamol Concentrations in Solutions.,"This work introduces a refractometric sensor based on multiple cascaded Michelson interferometers fabricated with long-period fiber gratings to classify different commercial brands of paracetamol as well as to measure solutions with different paracetamol concentrations. The operating principle is based on the interaction of light with the fiber-medium interface, such that variations in the refractive index provoke changes in the spectrum profile that can be measured at the output of the device. The brands used were Medley, Mejoral 500, Tempra, Tylenol, and excipient-free paracetamol (EFP). A support vector machine (SVM) classifier was used to recognize each brand with an F1-score of 92%. Also, using a projection to latent structures regression (PLSR), it was possible to quantify the paracetamol concentration with the best limit of detection (LOD) of 1.58 g/kg for the Mejoral brand.",2026-07-23,,"Pintor-Tolentino C, Castillo-Mixcóatl J, Muñoz-Aguirre S, Beltrán-Pérez G.",,N
42536322,MED,42536322,,10.1007/s40264-026-01697-z,Incident Neutropenia in New Users of Different Non-opioid Analgesics: An Observational Propensity Score-Controlled Cohort Study.,"Background Nonsteroidal anti-inflammatory drugs (NSAIDs) and paracetamol have been associated with neutropenia and agranulocytosis with inconsistent results. Objective To investigate the risk of neutropenia in association with frequently used NSAIDs compared to paracetamol. Methods We conducted a cohort study using the UK-based Clinical Practice Research Datalink (CPRD) GOLD. In three pairwise comparisons, we compared the risk of neutropenia including agranulocytosis (defined by Read codes) between new NSAID users (diclofenac, ibuprofen, and naproxen) and new paracetamol users (active comparator) during a maximum follow up of 60 days. Secondary and tertiary outcomes additionally included (1) in-patient diagnosed agranulocytosis and (2) laboratory values indicating neutropenia. Both were additionally restricted to only agranulocytosis. We applied propensity score-fine stratification to control for measured confounding and quantified incidence rates (IRs) as well as hazard ratios (HRs) with 95% confidence intervals (CIs). Results Our weighted cohorts included 1,003,314 (paracetamol) to 2,207,612 (diclofenac) patients. Weighted IRs of neutropenia (primary outcome) were between 2.1/10,000 person years (PYs) and 2.3/10,000 PYs. HRs for the primary outcome ranged between 1.00 (95% CI 0.51-1.94) and 1.12 (95% CI 0.57-2.23) for NSAIDs versus paracetamol. The secondary and tertiary outcome yielded reduced HRs between 0.53 and 1.03, and even lower HRs when restricted to agranulocytosis (HR between 0.19 and 0.51). Conclusion Our results indicate no risk of neutropenia for NSAIDs when compared to paracetamol. An increased risk of agranulocytosis in association with paracetamol is possible, but residual confounding by frailty may at least partially explain this association.",2026-07-31,,"Gut S, Rauch M, Gaertner J, Jick SS, Meier CR, Spoendlin J.",,N
42497002,MED,42497002,,10.1080/14786419.2026.2706072,Bioactivity-guided identification of a quercetin-rich ethyl acetate fraction from &lt;i&gt;Ipomoea pes-tigridis&lt;/i&gt; L. conferring robust antioxidant defense and hepatoprotection against paracetamol-induced liver injury.,"The present study evaluated the hepatoprotective potential of Ipomoea pes-tigridis L. whole-plants extracts in paracetamol-induced hepatotoxic rat model. Sequential Soxhlet extraction yielded petroleum ether, ethyl acetate, and methanolic extracts, which were assessed at 200 mg/kg following of acute toxicity confirmation (2000 mg/kg). Paracetamol administration (2 g/kg) significantly elevated lipid peroxidation (TBARS: liver 2.99 ± 0.04 vs. control 1.44 ± 0.02 nmol MDA/g) and reduced antioxidant defences, including superoxide dismutase (SOD), catalase (CAT), glutathione peroxidase (GPx), glutathione S-transferase (GST), and glutathione (GSH) ( p Ipomoea pes-tigridis L. confers significant antioxidant-mediated hepatoprotection against paracetamol-induced liver injury.",2026-07-24,,"Bheemreddy T, Murali R, Srinivasan N, Manichandrika P.",,N
42483226,MED,42483226,,10.1039/d6na00268d,Metal nanocrystals and nanoclusters with paracetamol passivation and for paracetamol detection: a critical review.,"Paracetamol (acetaminophen), being a well-used pharmaceutical drug, has several harmful health effects due to its overconsumption. Thus, sensing of paracetamol is inevitable. A comparative account of paracetamol detection with nanocrystals and nanoclusters based on electrochemical (electrochemical impedance spectroscopy, cyclic voltammetry, differential pulse voltammetry, square wave voltammetry, amperometry, linear sweep voltammetry) and optical (fluorometric, SERS, colorimetric) pathways is summarized in this paper. Moreover, paracetamol was found to be an excellent passivating agent for the evolution of nanocrystals and nanoclusters with multifaceted applications. Lack of a review in such an important area indicates the need for such a review for young researchers associated with nanotechnology and medicinal chemistry.",2026-07-06,,"Dixit S, Deora S, Nathawat P, Ganguly M.",,N
42572511,MED,42572511,,10.7759/cureus.112365,When Safety Barriers Fail: Paracetamol-Induced Anaphylaxis Under General Anesthesia Despite Multiple Allergy Warnings.,"Intravenous paracetamol-induced anaphylaxis is uncommon but can be life-threatening during general anesthesia. The principal lesson of this case, however, was not the allergic reaction itself but the failure of multiple perioperative safety barriers that allowed the administration of a suspected allergen. We report the case of a 50-year-old woman who developed circulatory collapse, with systolic blood pressure decreasing from approximately 100 mmHg to 60 mmHg before becoming unmeasurable, approximately five minutes after inadvertent intravenous paracetamol administration during breast surgery under general anesthesia. Paracetamol had been identified preoperatively as a suspected allergen, documented by multiple healthcare professionals, recorded on handwritten anesthesia documents, and displayed prominently in the operating room. However, this information was not transformed into shared situational awareness or effective team action. The attending locum anesthesiologist was unable to access the electronic medical record (EMR) before anesthesia induction, and intravenous paracetamol remained available in the operating room despite institutional policy requiring removal or clear identification of suspected allergenic drugs. Prompt treatment with epinephrine, fluid resuscitation, vasopressors, and adjunctive anti-allergic medications resulted in complete recovery without neurological sequelae. Elevated serum histamine and β-tryptase concentrations, together with postoperative skin prick testing, supported intravenous paracetamol as the most likely trigger of perioperative anaphylaxis. Institutional review identified interacting human and system factors rather than a single individual error. Major contributing factors included incomplete allergy alert registration, ineffective multidisciplinary communication, failure of the WHO Surgical Safety Checklist to establish shared situational awareness, incomplete implementation of fail-safe drug management, and excessive reliance on digital information systems. Corrective actions included mandatory multidisciplinary allergy verification, physical removal or segregation of suspected allergenic drugs before patient entry into the operating room, and reinforcement of checklist-based communication. This case demonstrates that digital technologies can support patient safety but cannot replace effective teamwork, shared situational awareness, or fail-safe system design. Sustainable perioperative safety requires systems that anticipate inevitable human error and prevent those errors from reaching the patient.",2026-07-09,,"Sakai N, Michino T, Kamiya Y.",,N
42570042,MED,42570042,,10.1007/s11356-026-38131-x,From watershed to lagoon: Occurrence and ecological risk of paracetamol in the Segara Anakan coastal ecosystem.,"Pharmaceutical contamination in tropical coastal lagoons remains poorly characterized despite increasing anthropogenic pressures from watershed development. This study investigated the occurrence, spatial distribution, and ecological risk of paracetamol (acetaminophen) in the Segara Anakan Lagoon, Indonesia, a semi-enclosed tropical coastal ecosystem receiving substantial watershed inputs. Surface water samples were collected from 17 stations spanning West to East Plawangan during August 2023 and analyzed using solid-phase extraction (SPE) coupled with liquid chromatography-quadrupole time-of-flight mass spectrometry (LC-Q-TOF/MS). Paracetamol was ubiquitously detected in all water samples at concentrations ranging from 5.11 to 886.44 ng L⁻ 1 , with the highest levels observed near urban discharge points. Sediment samples showed paracetamol concentrations between 23.16 and 45.55 ng kg⁻ 1 . Method validation demonstrated excellent analytical performance (recovery: 90.08-112.87%, method detection limit: 0.11 ng mL⁻ 1 , linearity: R 2 = 0.9962). Ecological risk assessment using the risk quotient (RQ) approach revealed low to high risk across trophic levels: algae (RQ = 0.04-6.62), invertebrates (RQ = 0.17-29.45), and fish (RQ = 0.03-5.54). Stations 5 and 16 exhibited high ecological risk (RQ > 1) for all three trophic groups, indicating potential adverse effects on aquatic biota. These findings provide the first comprehensive baseline data on pharmaceutical pollution in Indonesian tropical lagoon systems and underscore the urgent need for improved wastewater management strategies in coastal watersheds to protect these ecologically and economically important ecosystems.",2026-08-08,,"Syakti AD, Hidayati NV.",,N
42480728,MED,42480728,,10.1016/j.ijpharm.2026.127211,"Fast-dissolving cyclodextrin nanofibers loaded with acetylsalicylic acid, paracetamol and caffeine combination for the pain treatment.","We developed a fast-dissolving nanofibrous film based on cyclodextrin (hydroxypropyl-β-cyclodextrin) inclusion complexes (ICs) incorporating a triple drug combination of acetylsalicylic acid (Aspirin), paracetamol, and caffeine (APC). The combination of these three drugs constitutes a multimodal analgesic widely used for the treatment of acute pain conditions, such as headache and migraine. Herein, the electrospun HPβCD/APC-IC nanofibrous film was fabricated with a total drug loading of ∼10 % (w/w), comprising ∼4.4/4.4/1.2 % (w/w) of each component (A/P/C), thereby matching the drug ratio found in the commercial analgesic formulation, Excedrin. 2D NMR (ROESY) analysis confirmed the IC formation between HPβCD and both acetylsalicylic acid and paracetamol. The powder form of HPβCD/APC-IC was also prepared as a control sample. XRD and DSC analyses revealed the amorphization of all three drug components within both the HPβCD/APC-IC nanofiber and powder forms. The HPβCD/APC-IC nanofibrous films exhibited significantly enhanced dissolution and disintegration performance in aqueous medium, along with improved drug release profiles, compared to their powder counterparts. HPβCD/APC-IC nanofibers demonstrate strong potential as a fast-dissolving drug delivery system, offering a promising alternative to conventional tablet dosage forms of this triple-drug combination.",2026-07-21,,"Celebioglu A, Aboelkheir M, Uyar T.",,N
42397304,MED,42397304,,10.1002/bcp.70680,N-acetylcysteine for non-paracetamol-induced acute liver failure in children: A systematic review and meta-analysis.,"Aim Non-surgical treatment of acute liver failure (ALF) is primarily supportive and depends on the underlying cause. While N-acetylcysteine (NAC) is proven effective in paracetamol-induced ALF, its potential benefits in non-paracetamol ALF for paediatric patients remain unclear. This systematic review aimed to evaluate the efficacy of NAC in paediatric patients with non-paracetamol-induced ALF. Methods PubMed and Embase were searched for studies published before 20 August 2025. The review was registered on PROSPERO (CRD420251146345). Eligible studies included paediatric patients receiving NAC for non-paracetamol-induced ALF. Primary outcomes were overall survival and transplant-free survival. Results Statistical analyses were performed with Review Manager version 7.2.0 with a random-effect model, and heterogeneity was assessed with I 2 . Risk of bias 2 and risk of bias in non-randomized studies of interventions were used for bias assessment. The meta-analysis included 310 patients receiving NAC and 242 controls. Overall survival was 77.7% in the NAC group and 73.5% in controls (OR 1.34, 95% CI: 0.90-1.99, p = .15). Transplant-free survival was 60.1% for NAC and 61.6% for controls (OR 0.81, 95% CI 0.26-2.46, p = .71). Conclusions Current evidence indicates that NAC does not significantly impact overall survival and transplant-free survival in paediatric patients with non-paracetamol-induced ALF. Given the limited availability of randomized controlled trials, future research should preferably include such study designs, although ethical challenges may limit feasibility. Systematic collection of clinical data remains essential to better assess potential therapeutic effects. Current literature does not support the use of NAC in non-paracetamol-induced ALF in children.",2026-07-03,,"de Groot ADE, Stoppels DM, Bourgonje AR, Hof WFJ, Kneyber MCJ, Touw DJ, Verkade HJ, Mian P.",,N
42371637,MED,42371637,,10.1001/jamainternmed.2026.2215,Prenatal Acetaminophen (Paracetamol) Use and the Risk of Autism and/or Attention-Deficit/Hyperactivity Disorder Among Sibling-Matched Cohorts.,"Importance Paracetamol (acetaminophen) is the first-line analgesic and antipyretic recommended globally during pregnancy. Observational studies have reported associations with increased risks of autism spectrum disorder (ASD) and attention-deficit/hyperactivity disorder (ADHD) in offspring, raising public and clinical concern; however, these findings may be substantially confounded by unmeasured familial factors. Objectives To assess the association between prenatal paracetamol exposure and risk of ASD and ADHD in offspring using a sibling-matched study design to control for familial confounding. Design, setting, and participants This population-based cohort study, conducted from January 1, 2001, to December 31, 2023, in Hong Kong, used deidentified electronic health records within a triangulation framework. From an initial cohort of 708 020 mother-child pairs (approximately 43.3% with prenatally paracetamol exposure), sibling-matched cohorts were constructed of children from families with discordant prenatal paracetamol exposure and sufficient follow-up (≥2 years for ASD and ≥5 years for ADHD). Data analysis was conducted from October 2, 2025, to March 24, 2026. Exposure Prenatal paracetamol exposure, identified from electronic dispensing records (British National Formulary [BNF], section 4.7.1) with data on drug name, strength, dosage, and prescription dates. Main outcomes and measures Incident diagnoses per the International Classification of Diseases, Ninth Revision, Clinical Modification, for ASD (code 299) or for ADHD (code 314) or a prescription for ADHD-specific medication licensed in Hong Kong (methylphenidate, atomoxetine, or lisdexamfetamine [BNF, section 4.4]). Results The final cohorts comprised 124 333 children for ASD analysis (mean [SD] age, 9.3 [4.7] years; 61 775 females [49.7%] and 62 558 males [50.3%]) and 97 285 for ADHD analysis (mean [SD] age, 7.6 [4.2] years; 48 455 females [49.8%], 48 830 [50.2%]). In the sibling-matched analyses, prenatal paracetamol exposure was not associated with the risk of ASD (adjusted hazard ratio [aHR], 1.00; 95% CI, 0.91-1.11) or ADHD (aHR, 1.01; 95% CI, 0.93-1.08). Null associations were consistent across exposure timing, cumulative dose, and usage patterns (sporadic, intermittent, persistent), and were robust in sensitivity analyses. However, positive associations were observed in conventional cohort analyses, and importantly, also in negative control analyses of prepregnancy exposure for ASD (HR, 1.12; 95% CI, 1.08-1.17) and ADHD (HR, 1.24; 95% CI, 1.20-1.28). Conclusions and relevance In this population-based cohort study, a sibling-matched analysis found no evidence of an association between prenatal paracetamol exposure and the risk of ASD or ADHD in offspring. The positive signals observed in conventional studies are likely attributable to residual familial confounding. These findings provide important reassurance regarding the safety of indicated paracetamol use during pregnancy.",2026-06-29,,"Luo S, Gong Q, Ai Y, Zhang J, Chan L, Wong WCW, Ip P, Chan EWY, Tanuseputro P, Wong ICK, Wan EYF.",,N
42332045,MED,42332045,,10.1038/s41372-026-02750-6,The clinical utility of paracetamol serum concentration monitoring for patent ductus arteriosus treatment in preterm infants.,"Objective To evaluate whether paracetamol serum concentration monitoring is associated with ductal closure, hepatic or renal toxicity, and to assess the cost-effectiveness of routine serum monitoring in preterm infants treated for haemodynamically significant patent ductus arteriosus (hsPDA). Study design A multi-centre retrospective cohort study of 172 preterm infants treated with paracetamol for hsPDA (2018-2024). Associations between paracetamol serum concentrations, clinical outcomes, and monitoring costs were examined using multivariable mixed-effects modelling and micro-costing analysis. Results PDA closure after the first course occurred in 40.7%. On multivariate analysis, paracetamol concentration monitoring was not associated with PDA closure (OR 0.98, 95% CI:0.92-1.03, p = 0.68), ALT elevation (p = 0.443) or creatinine rise (p = 0.88). Across 222 assays, routine monitoring cost £6036 (£120.72 per actionable result) and remained non-cost effective across all sensitivity analyses. Conclusion Routine monitoring of paracetamol serum concentrations offers minimal clinical value and is not cost-effective. Selective, indication-based monitoring should replace universal testing.",2026-06-22,,"Ali A, Koritena M, Ahmed J, Nazir M, Mcnulty D, Dabbour S, Noureldein M.",,N
42309698,MED,42309698,,10.1136/spcare-2026-006267,PaSo paracetamol with strong opioids trial: paracetamol versus placebo in conjunction with strong opioids for cancer pain-a pilot randomised placebo-controlled withdrawal trial.,"Objectives Clinical guidelines, including the WHO analgesic ladder, advocate paracetamol in conjunction with strong opioids for moderate to severe cancer pain despite a lack of evidence for its efficacy in this setting.This pilot study aimed to evaluate the feasibility of a larger randomised controlled trial (RCT) with the aim of establishing whether paracetamol combined with strong opioids provides superior analgesia for cancer-related pain over strong opioids alone. Methods Adult patients with incurable cancer taking regular paracetamol and strong opioids with an average pain score 2-8 on a Numeric Rating Scale (NRS 0-10) in the past 24 hours were randomised to receive either paracetamol or placebo for 13 days, with assessments at day 7 and 14. Outcomes were recruitment, retention, appropriateness of study design, patient acceptability and early signals of pain outcome. Results Thirty-four participants were recruited and 28 randomised at 12 months. After 7 months, the intervention phase was reduced to 7 days to improve recruitment and mitigate attrition. Retention was high but the clinical team assessed 7 days in the study as adequate and less burdensome for the patients. Average pain (NRS) on day 7 (change from baseline) was similar in the placebo group (-0.27) versus the paracetamol group (-0.46). Groups difference: -0.19, 95% CI -1.1 to 0.7, ( p =0.67). Patient recruitment was slow. Due to this, the study did not progress to a definitive RCT. Conclusion This pilot study demonstrates feasibility of the withdrawal design but signalled the need for a different recruitment strategy and a shorter study. Notably, there were no adverse pain outcomes, as NRS scores and opioid requirements didn't increase. Trial registration number NCT02706769.",2026-06-17,,"Hagen KMR, McWilliams K, Bowden J, Harvie K, Paulsen Ø, Fallon M.",,N
PPR1289108,PPR,,,10.21203/rs.3.rs-10383018/v1,Solar-driven photocatalytic ceramic membrane reactors from Tunisian clay for efficient paracetamol degradation,"Abstract Pharmaceutical residues such as paracetamol are increasingly detected in aquatic environments, raising concerns about their persistence and potential ecological impact. In this study, a solar-driven photocatalytic membrane reactor (PMR) was developed using low-cost ceramic membranes fabricated from Matmata-Gabes clay (southern Tunisia) and functionalized with TiO 2 P25. The membranes were prepared by uniaxial pressing followed by sintering at 1000°C, while TiO 2 was immobilized via dip-coating and calcined at 450°C. The influence of catalyst loading and operating conditions was systematically investigated under both UV irradiation and natural sunlight. The results indicate that increasing TiO 2 loading improves surface hydrophilicity with the water contact angle decreasing to 17.5°, but excessive deposition reduces membrane porosity and permeability. Optimal performance was achieved at 0.6 g/L 1.0 and g/L of TiO 2 loading solution concentration under UV and solar conditions, respectively leading to degradation efficiencies of 74.9% and 55.5% after 5.5 h of treatment. In addition, horizontal membrane configuration (0° inclination) enhanced photon utilization resulting in improved reaction kinetics. Although permeate flux declined over time due to fouling, the photocatalytic layer contributed to partial self-cleaning under irradiation. Over five consecutive cycles, the membranes retained more than 35% of their initial activity, indicating moderate stability. These findings demonstrate the potential of combining locally available materials with solar photocatalysis as a sustainable approach for decentralized water treatment, particularly in regions with high solar irradiance.",2026-07-31,,"Zrelli A, Kamel A, Aljanabi A, fadhil Q, Garg M, Li F, Ahmed W.",,N
42549675,MED,42549675,,10.1002/jlcr.70034,Gram-Scale Synthesis of Perdeuterated Paracetamol.,"The synthesis of deuterated compounds is a major stumbling block in the field of neutron total scattering on disordered materials. This is due to the requirement for large quantities of pure sample with high deuterium content across all positions. Typical deuterations in literature focus on site-specific deuterations typically on milligram scales. Here, we successfully synthesised paracetamol-d 9 , as well as its related isotopologues, on a multigram scale. We proceeded through an acid-catalysed deuteration of 4-aminophenol under microwave irradiation. We were able to efficiently purify the unstable intermediate, 4-aminophenol-d 4 by sublimation, which meant we could avoid the formation of strongly coloured impurities that could not be removed from the final product otherwise. The pure intermediate then underwent acetylation with a 75% yield. More than 10 g of the final perdeuterated product was synthesised with an average deuterium incorporation of > 93% and no less than 78% at any individual position.",2026-08-01,,"Park A, Edkins RM, McCorquodale J, Tellam J, Youngs S, Edkins K.",,N
42446492,MED,42446492,,10.1111/apa.70679,"EBNEO Commentary: Prophylactic Treatment of Patent Ductus Arteriosus With Acetaminophen (Paracetamol), A Randomized Clinical Trial.",Graphical abstract summarizing the randomized controlled trial of prophylactic acetaminophen (paracetamol) for patent ductus arterosus (PDA) in extremely preterm infants.,2026-07-14,,"Lantz M, Moore M, Wright CJ, Woodle A.",,N
42314559,MED,42314559,,10.1016/j.earlhumdev.2026.106611,Maternal paracetamol use during pregnancy and child IQ at age 7: A prospective cohort study.,"Background Paracetamol is the most used medication during pregnancy, and concerns have been raised regarding potential associations with child neurodevelopment. Objective To investigate whether maternal paracetamol use during pregnancy, assessed by self-reports and urinary concentrations, was associated with intelligence quotient (IQ) in children aged 7. Methods The study used data from the Odense Child Cohort, Denmark, including 2448 pregnant women enrolled between 2010 and 2012. The women completed three questionnaires on paracetamol use during pregnancy; a subgroup of 518 had urinary paracetamol concentrations measured at gestational week 28. Concentrations >4000 ng/mL indicated use within the past 48 h, whereas >2000 ng/mL reflected earlier use. Child IQ was evaluated using four subscales from the Wechsler Intelligence Scale for Children - Fifth Edition. Propensity score-weighted regression models estimated differences in IQ points between users and non-users. Results A total of 1162 mother-child pairs were included; 65% (N = 777) reported paracetamol use during pregnancy. Self-reported use was non-significantly associated with a reduction of 1.3 IQ points (95% CI -3.0, +0.3). Paracetamol was detected in all urine samples, with 6% indicating recent use. Children of mothers with high urinary concentrations >4000 ng/mL, indicating recent use, showed a non-significant reduction of 1.6 IQ points (-5.9, +2.7). Similar results for concentrations >2000 ng/mL. Analyses excluding women with infections or other indications were compatible with main findings. Conclusion These results suggest a potential association between paracetamol use during pregnancy and reduced IQ in children. Caution is needed, given non-significant estimates, limitations of self-reported data and concentrations reflect only recent use.",2026-06-16,,"Andreasen SM, Lund LC, Bilenberg N, Frederiksen H, Kristensen DM, Hagen CP, Juul A, Beck IH, Jensen TK.",,N
PPR1257011,PPR,,,10.21203/rs.3.rs-10018707/v1,Comparative Performance and Safety of Three Large Language Models in Pediatric Paracetamol Poisoning Management,"Abstract Background. Paracetamol overdose is a common reason for pediatric poisoning consultations and emergency department visits, and its management is highly time and dose-dependent. Large language models (LLMs) are increasingly being explored for clinical decision support, but evidence on pediatric poisoning is scarce. We compared the performance and safety of three contemporary LLMs for managing pediatric paracetamol poisoning using guideline-based simulated scenarios. Methods. In this cross-sectional, comparative, scenario-based study, 30 hypothetical pediatric paracetamol poisoning scenarios were presented to ChatGPT 5.5, Claude Sonnet 4.6, and Gemini 3 Flash via their public browser-based interfaces, with a standardized single-turn prompt (90 responses). Blinded to model identity, a three-clinician expert panel scored each response by consensus using a study-specific Artificial Intelligence Evaluation Score for Clinical Poisoning Vignettes (AIES-CPV; range 5–25), an eight-item key-action checklist (0–8), the Global Quality Scale (GQS; 1–5), reference-standard concordance, and the presence of critical safety errors, against a predefined reference algorithm derived primarily from the Australia and New Zealand guidelines. Models were compared using the Friedman test (with Wilcoxon signed-rank tests and a Bonferroni correction for pairwise comparisons) and the Cochran Q test for critical error rates. Results. Claude Sonnet 4.6 achieved significantly higher total AIES-CPV (24.50 ± 1.43), key-action (7.93 ± 0.25), and GQS (4.90 ± 0.31) scores than ChatGPT 5.5 and Gemini 3 Flash (Friedman p",2026-06-22,,"Kacar A, Ates B, Kok S.",,N
42420999,MED,42420999,,10.1186/s12936-026-06001-z,"Preparation, characterization and pre-clinical evaluation of artemether-lumefantrine-paracetamol (AL-P) loaded nanocarriers in the treatment of malaria.","Background Malaria remains a pertinent global health burden. Current artemether-lumefantrine (AL) therapy is limited by low bioavailability and drug resistance, necessitating new approaches. Solid lipid nanoparticles (SLNs) offer a promising delivery system to mitigate these issues. This study investigates SLNs for the co-delivery of AL and paracetamol to enhance the efficacy and safety of this anti-malarial regimen. Method Solid lipid nanoparticles co-loaded with artemether, lumefantrine, and paracetamol were produced using melt-emulsion ultrasonication and analyzed using dynamic light scattering, transmission electron microscopy, and ultraviolet-visible spectroscopy. Antiplasmodial activity was established in a Plasmodium berghei-infected mouse model using daily dosing and a single 2 mg/kg dose. Parasitemia, survival, and toxicity by histology and biochemistry were quantified. Results Optimized ALP-SLNs had desirable physicochemical properties, including a particle size of 187.6 ± 3.2 nm, PDI of 0.142, and a zeta potential of - 50.1 ± 1.4 mV, and TEM micrographs confirmed spherical shape. Encapsulation efficiencies were > 88% (ART: 88.79%, LUM: 99.19%, PAR: 99.85%), and loading capacities were ART: 12.4%, LUM: 11.8%, PAR: 13.1%. In vivo antiplasmodial tests for activity against Plasmodium berghei ANKA in Swiss Albino mice exhibited > 95% chemosuppression (95.67%) and 100% day-60 survival with ALP-SLNs, surpassing free drugs and placebo nanoparticles. Toxicity studies in pre-clinical experiments showed normal parameters, except for one mouse that developed a pulmonary lesion. Conclusion ALP SLNs demonstrated favorable physicochemical properties, a satisfactory safety profile in acute and sub-acute preclinical testing, and superior antiplasmodial efficacy and a highly effective delivery system for malaria triple therapy compared to free drugs. These findings highlight their potential in overcoming malaria treatment challenges, hence supporting further pharmacokinetic and translational studies toward clinical evaluation.",2026-07-08,,"Muchonjo JK, Mbaria JM, Towett PK, Omwoyo WN, Ngoepe MP.",,N
42497986,MED,42497986,,10.1016/j.gofs.2026.07.004,"[Paracetamol use during pregnancy and child neurodevelopmental disorders: what sibling studies add, and the limitations that suggest causal triangulation].","[Paracetamol use during pregnancy and child neurodevelopmental disorders: what sibling studies add, and the limitations that suggest causal triangulation].",2026-07-24,,Boujenah J.,,N
42256487,MED,42256487,PMC13233768,10.1016/j.lanwpc.2026.101886,"A comprehensive overview of paracetamol poisoning admissions and long-term outcomes in New South Wales, Australia: a retrospective linked data cohort (PAVLOVA-3).","Background Paracetamol poisoning is a major public health issue and a leading cause of acute liver failure. Population-level data on outcomes, repetition, and long-term survival remain limited. This study characterises hospitalised paracetamol poisonings in New South Wales, Australia (population ∼8 million) using a large linked dataset. Methods We conducted a retrospective observational study of patients hospitalised with an ICD-10 diagnosis of T39·1 (Poisoning by 4-Aminophenol derivatives), 1st January 2011 to 30th September 2020, using the Poisoning And enVenomation Linkage to evaluate Outcomes and clinical Variation in Australia (PAVLOVA) cohort. Outcomes included intent, demographics, length of stay, Intensive Care Unit admission, liver injury, death, repetition, and long-term post-discharge survival. Findings There were 24,092 paracetamol poisoning admissions involving 19,895 individuals. Most admissions were intentional (78·8%, 18,987), and occurred in women (71·0%, 17,095), and the median age was 29 years (IQR, 19-45 years). Intentional poisonings had high rates of psychiatric and substance use comorbidities. Liver injury was more common in accidental poisonings (6·1%, vs intentional poisonings, 1·5%). Intentional poisoning repetition occurred in 21·8% (3374/15,472) of individuals, with greatest risk in the first year. Long-term survival was poorer in those with multiple repetitions: 7·6% (104/1373) had died by study end, compared with 4·7% (571/12,098) of people with no repeated intentional poisoning. Interpretation While intentional paracetamol poisonings rarely result in serious liver injury, there is substantial risk of poisoning repetition and long-term mortality. These findings highlight the need for health-system responses focused on post-overdose management and continuity of mental health care. Funding NHMRC, Reckitt Benckiser.",2026-05-28,,"Chidiac AS, Buckley NA, Noghrehchi F, Isbister GK, Chiew AL, Brett J, Dawson AH, Roberts DM, Cairns R.",,Y
42514174,MED,42514174,,10.3390/life16071104,Computational Insights into the Molecular Synergy of Paracetamol and Codeine.,"Combination analgesic therapy is commonly used to improve pain control, yet conventional molecular docking approaches typically evaluate individual ligands and provide limited insight into potential intermolecular associations between co-administered drugs. In this study, paracetamol, codeine, and their proposed 1:1 and 2:1 non-covalent assemblies were investigated using lipophilicity analysis, molecular docking, short molecular dynamics relaxation, electrostatic potential surface mapping, and HOMO-LUMO analysis. Docking simulations were performed against cyclooxygenase-1 (COX-1), cyclooxygenase-2 (COX-2), and the μ-opioid receptor (MOR). The proposed assemblies produced docking scores that differed from those of the individual compounds, with the most pronounced differences observed for the cyclooxygenase targets. The 2:1 assemblies generally exhibited the most favorable docking scores, whereas the predicted interaction profiles at MOR appeared to be more dependent on molecular orientation. Molecular dynamics relaxation and electronic structure analyses further revealed differences in the energetic and electronic characteristics of the investigated configurations. These findings support the theoretical feasibility of distinct interaction patterns among the proposed paracetamol-codeine assemblies within the applied computational framework. However, the reported docking scores represent relative computational values rather than experimentally validated binding affinities, and the short-timescale molecular dynamics simulations provide only preliminary information regarding conformational stability. Furthermore, the existence and biological relevance of the proposed assemblies under physiological conditions remain to be established. This study provides a computational basis for future investigations of intermolecular associations in multicomponent drug systems.",2026-07-02,,"Amzoiu MO, Popescu GS, Amzoiu DC, Ciocîlteu MV, Rau G, Manda CV, Gresita A, Taisescu O.",,N
PPR1293691,PPR,,,10.21203/rs.3.rs-10454162/v1,Visible-Light-Driven Photocatalytic Degradation of Methylene Blue Using Co- Precipitated Zn2V2O7 Nanoparticles and Electrochemical sensing of Paracetamol,"Abstract Zn 2 V 2 O 7 (ZV) nanoparticles (NPs) were synthesized through simple co-precipitation method. The synthesized nanoparticles were comprehensively characterized using XRD, FTIR, UV–DRS, SEM, TEM, PL, and XPS techniques to evaluate their structural, optical, and morphological properties. XRD analysis confirmed the formation of a well-crystallized orthorhombic ZnV 2 O 7 phase with nanoscale crystallite dimensions, while FTIR spectra verified the presence of characteristic Zn–O and V–O vibrational bands. UV–DRS studies revealed strong absorption in the visible region with a band gap energy of 2.91 eV. SEM–EDX and TEM analyses demonstrated agglomerated nanosheet-like structures with uniform elemental distribution and polycrystalline nature. The photocatalytic activity of the ZV NPs was evaluated through the degradation of Methylene blue dye under visible light irradiation. The prepared samples achieved the highest degradation efficiency of 59.7%, attributed to its reduced crystallite size, lower electron–hole recombination rate, and enhanced generation of reactive oxygen species (ROS). The degradation mechanism was further investigated by studying the influence of catalyst dosage, dye concentration, pH, and scavengers. Electrochemical studies further revealed the promising paracetamol sensing capability of the synthesized nanoparticles, achieving a low limit of detection (LOD) of 0.837 µM. These results highlight the dual functionality of the synthesized Zn 2 V 2 O 7 nanoparticles as efficient photocatalysts for environmental remediation and as highly sensitive electrochemical sensors.",2026-08-07,,"Garg S, Spurthi YL.",,N
42290625,MED,42290625,,10.1080/15563650.2026.2679164,"Author response to: Mullins et al. comment on, ""We need a standardized North American acetylcysteine dosing regimen for the treatment of paracetamol (acetaminophen) poisoning"".","Introduction I have reviewed Mullins et al's critique of my commentary ""We need a standardized North American acetylcysteine dosing regimen for the treatment of paracetamol (acetaminophen) poisoning"". Discussion I concur regarding this need, and I agree that the original three-bag regimen should be retired. However, we disagree upon its replacement. They challenge my recommendation for a two-bag regimen, and they favour the one-bag two-step approach. The impetus for a replacement acetylcysteine regimen is to decrease the adverse effects and errors associated with the three-bag protocol. However, the one-bag two-step regimen was not designed to decrease adverse effects, and their published reports do not find a decrease of errors. And a fatal adverse effect, acetylcysteine overdose, has emerged with use experience of this regimen. Conclusions The one-bag two-step regimen should be dismissed from the quest for a standardized North American acetylcysteine dosing regimen for the treatment of paracetamol (acetaminophen) poisoning.",2026-06-15,,Tenenbein M.,,N
42410670,MED,42410670,,10.1002/prp2.70283,Could NAPQI Contribute to Paracetamol Analgesia? Redox Modulation of Kv7 Ion Channels.,"Paracetamol (acetaminophen, APAP) is one of the most widely used analgesic and antipyretic drugs worldwide, yet its mechanism of action remains incompletely understood. While several pathways have been proposed, including cyclooxygenase inhibition and endocannabinoid modulation via AM404, none fully account for its pharmacological profile. The reactive metabolite N-acetyl-p-benzoquinone imine (NAPQI) is classically associated with hepatotoxicity, but electrophilic species can also modulate protein function through covalent modification of redox-sensitive residues. Recent evidence indicates that NAPQI can enhance neuronal Kv7 (KCNQ) channel activity, reducing neuronal excitability. Here, we examine the hypothesis that NAPQI formation during therapeutic APAP metabolism may contribute to analgesia via redox-dependent modulation of nociceptive ion channels. We integrate current knowledge on APAP metabolism, ion channel redox regulation, and neuronal excitability, and complement this with order-of-magnitude quantitative estimates and sensitivity analyzes. These analyzes indicate that the expected magnitude of NAPQI formation in neural tissue is likely to remain below current analytical detection limits while still being compatible with transient, spatially restricted concentrations in cellular microdomains that could modulate nearby targets. Although direct in vivo evidence remains lacking, this framework raises the possibility that localized and transient NAPQI signaling may contribute to APAP-induced modulation of neuronal excitability while remaining difficult to detect using conventional bulk analytical approaches. We outline key experimental strategies required to test this hypothesis and discuss its implications for understanding APAP pharmacology and the broader role of electrophilic metabolites in physiological signaling.",2026-08-01,,"M-Alicante S, Urrutia J, Muguruza-Montero A, Revuelta M, Arrizabalaga-Iriondo A, Villarroel A, Nuñez E.",,N
PPR1252147,PPR,,,10.21203/rs.3.rs-9685782/v1,From Watershed to Lagoon: Occurrence and Ecological Risk of Paracetamol in the Segara Anakan Coastal Ecosystem​,"Abstract Pharmaceutical contamination in tropical coastal lagoons remains poorly characterized despite increasing anthropogenic pressures from watershed development. This study investigated the occurrence, spatial distribution, and ecological risk of paracetamol (acetaminophen) in the Segara Anakan Lagoon, Indonesia, a semi-enclosed tropical coastal ecosystem receiving substantial watershed inputs. Surface water samples were collected from 17 stations spanning West to East Plawangan during August 2023 and analyzed using solid-phase extraction (SPE) coupled with liquid chromatography-quadrupole time-of-flight mass spectrometry (LC-Q-TOF/MS). Paracetamol was ubiquitously detected in all water samples at concentrations ranging from 5.11 to 886.44 ng L⁻¹, with the highest levels observed near urban discharge points. Sediment samples showed paracetamol concentrations between 23.16 and 45.55 ng kg⁻¹. Method validation demonstrated excellent analytical performance (recovery: 90.08–112.87%, method detection limit: 0.11 ng mL⁻¹, linearity: R² = 0.9962). Ecological risk assessment using the risk quotient (RQ) approach revealed low to high risk across trophic levels: algae (RQ = 0.04–6.62), invertebrates (RQ = 0.17–29.45), and fish (RQ = 0.03–5.54). Stations 5 and 16 exhibited high ecological risk (RQ > 1) for all three trophic groups, indicating potential adverse effects on aquatic biota. These findings provide the first comprehensive baseline data on pharmaceutical pollution in Indonesian tropical lagoon systems and underscore the urgent need for improved wastewater management strategies in coastal watersheds to protect these ecologically and economically important ecosystems.",2026-06-15,,"Syakti AD, Hidayati NV.",,N
42181901,MED,42181901,PMC13191334,10.2147/dhps.s607702,Paracetamol Overdose in Somali Children Under Five: An Emerging Public Health Concern.,"Paracetamol (acetaminophen) is widely used for pain and fever management in children under five; however, accidental overdose is an increasing public health concern in low-resource settings such as Somalia. This narrative review highlights key risk factors, clinical consequences, and prevention strategies relevant to the Somali context based on published literature. Misconceptions about dosing, reliance on age rather than weight, and unrestricted access contribute to inappropriate administration and increased risk of hepatotoxicity and acute liver failure. While metabolic pathways in young children differ from adults, increased vulnerability in this setting is more strongly associated with malnutrition, dosing errors, and delayed access to healthcare. Toxicity results from accumulation of N-acetyl-p-benzoquinone imine (NAPQI), leading to oxidative stress and liver injury. Early treatment with N-acetylcysteine (NAC) is essential, yet delayed presentation and limited availability of antidotes in Somalia worsen outcomes. There is currently limited published data on the incidence of paracetamol overdose and NAC availability in Somalia. Strengthening caregiver education, pharmacy-based counseling, access to essential antidotes, and national poison surveillance systems is critical to reducing preventable pediatric liver injury in Somalia.",2026-05-16,,Hassan WM.,,Y
42514872,MED,42514872,,10.3390/pharmaceutics18070791,Rheology-Informed Working Thresholds for HME/FDM Processability in a PVA-Sorbitol-Paracetamol Model System.,"Background/Objectives : Oscillatory rheology is widely used in hot-melt extrusion (HME) and fused deposition modeling (FDM), but its translation into compact formulation-screening criteria remains limited. This study re-analyzed an existing PVA-sorbitol-paracetamol dataset to derive rheology-informed working thresholds for HME/FDM processability. Methods : Temperature-ramp oscillatory rheology was used to extract formulation-level descriptors: process-temperature complex viscosity (|η*|) at 185 and 200 °C, Processing Window Fraction (PWF) within the 0.8-10 kPa·s corridor, and crossover-related temperature information. These descriptors were interpreted against empirical extrusion at 200 °C and printing at 185 °C. Results : S1.25 and S1.5 showed rheological behavior compatible with successful extrusion, whereas S1.75 showed pronounced softening consistent with over-plasticization and process failure. Paracetamol further reduced complex viscosity while maintaining processability in P5-P15. The lowest successful process-temperature viscosity values, observed for P15, supported working thresholds of approximately 0.460 kPa·s at 200 °C and 0.899 kPa·s at 185 °C. PWF complemented thresholding by describing the practical temperature flexibility of each formulation. Conclusions : Process-temperature |η*|, PWF, and crossover-informed interpretation provided a compact, formulation-specific screening framework for this PVA-based HME/FDM model system. The proposed thresholds are operational derivation outputs and require prospective external confirmation.",2026-06-27,,"Ilieva S, Georgieva D, Petkova V, Dimitrov M.",,N
42405122,MED,42405122,,10.1039/d6ra03318k,Sustainable electrocatalysis: overcoming signal convolution of dopamine and paracetamol at a pristine graphene interface.,"Simultaneous electrochemical quantification of dopamine and paracetamol is often hindered by overlapping oxidation potentials and severe surface passivation. To address this analytical gap, a completely reagent-free fabrication approach was developed to construct an electrochemically reduced graphene oxide (ERGO) modified glassy carbon electrode (GCE). The reliance on toxic reducing agents was entirely eliminated by utilizing a direct cathodic potential scan. Through this green process, the conductive carbon network was restored, yielding a highly active electrocatalytic interface. Complete baseline separation between the two target analytes was successfully achieved. Under optimized acidic conditions at pH 3.0, a broad linear dynamic range from 0.1 to 20 µM was obtained for both compounds. Furthermore, the limits of detection (LOD) were 0.008 µM for dopamine (DOP) and 0.016 µM for paracetamol (PAR). Excellent target selectivity was demonstrated even when the sensor was challenged with highly concentrated biological interferents such as ascorbic acid and uric acid. Finally, the platform's practical reliability was validated by analysing commercial pharmaceutical formulations, yielding recovery rates of 96.1-104.1%. These findings were statistically equivalent to standard chromatographic measurements, confirming that a highly accurate, eco-friendly tool is provided for routine clinical monitoring.",2026-07-03,,"Dung LTK, Nguyen DM, Son NT, Quang NM, Tuan D, Tam Toan TT, Anh VCN.",,N
42353586,MED,42353586,,10.3390/cimb48060581,Varied Effects of Carnosine and an Antioxidant-Enriched Carnosine Supplement in Paracetamol-Induced Hepatotoxicity Model in Mice.,"Carnosine is widely recognized for its antioxidant and cytoprotective properties and is being increasingly used in dietary supplements. However, its effects in drug-induced liver injury remain insufficiently studied. This study aimed to investigate and compare the hepatoprotective and antioxidative effects of pure carnosine and an antioxidant-enriched commercial carnosine supplement in a murine model of paracetamol-induced hepatotoxicity. Adult male Swiss Webster mice were pretreated orally for seven days with carnosine or a commercial carnosine supplement prior to a single hepatotoxic dose of paracetamol. The serum biochemical parameters, hepatic oxidative stress markers, histopathology, and immunohistochemical expression of CYP2E1, COX-2, and Iba1 were evaluated 24 h after paracetamol administration. Paracetamol increased serum aminotransferases, lipid peroxidation, CYP2E1 expression, and histological liver injury. Pure carnosine pretreatment tended to exacerbate biochemical liver injury, whereas the commercial supplement attenuated lipid peroxidation, preserved bilirubin levels, and reduced histological damage. Both formulations decreased CYP2E1 expression and were associated with less necrosis and COX-2 immunoreactivity compared with paracetamol alone. Antioxidant enzyme activities and macrophage markers showed no consistent intergroup differences. These findings indicate that carnosine may not consistently exert hepatoprotective effects in acute drug-induced liver injury and that accompanying antioxidants may critically modify its biological actions.",2026-06-01,,"Zaklan D, Martić N, Andrejić Višnjić B, Bosanac M, Hadžistević S, Rašković A, Pavlović N.",,N
42060809,MED,42060809,PMC13258291,10.4103/ijp.ijp_495_23,Pharmacovigilance of paracetamol-induced Stevens-Johnson Syndrome and toxic epidermal necrolysis in the Indian population.,"Aims Despite decades of proven safety of paracetamol, serious and rare reactions such as Stevens-Johnson Syndrome (SJS) and Toxic Epidermal Necrolysis (TEN) often occur in the Indian population. The current study aimed to understand the safety profile of this relatively safer drug, paracetamol, with respect to rare and serious adverse events, SJS/TEN, based on data collected from the Indian population through the Pharmacovigilance Programme of India. Methods The collected, collated and analyzed all Individual Case Safety Reports with the use of paracetamol from the Indian population for the period January 1, 2010, to December 31, 2021, were reported to VigiBase and analyzed using the WHO database, VigiLyze. Results Analysis of the reported data showed that 313 SJS/TEN adverse events were associated with the use of paracetamol. Disproportionality analysis of paracetamol-induced SJS/TEN reactions in the Indian population using the Proportional Reporting Ratio (PRR), reporting odds ratio, and the information component indicated higher risk of paracetamol in the Indian population. Conclusions The findings provide crucial insights into the extent of rare and infrequent SJS/TEN associated with the use of paracetamol in the Indian population. Owing to the seriousness of reaction and the widespread use of paracetamol for fever-like illness, the prescribing physicians, pharmacists, and other healthcare professionals should closely monitor patients administered paracetamol for this potential rare reaction, SJS/TEN.",2026-05-01,,"Ray RS, Yadav A, Bhushan S, Prakash J, Raghuvanshi RS.",,Y
42104597,MED,42104597,PMC13156475,10.1002/jcph.70206,"Comments to the Article Wu Y, Völler S, Goulooze SC, et al. A Novel Maturation Equation for Hepatic Clearance Across Preterm, Term Neonates, Children, and Adults: Application to Paracetamol and Its Metabolite. J Clin Pharmacol. 2025;65(12):1829-1843. doi: 10.1002/jcph.70080. PMID: 40910464; PMCID: PMC12649303.","A recent article in this journal by Wu et al presented a comprehensive model for the maturation of paracetamol clearance from birth to adulthood using pooled plasma and urinary data of the parent drug and its metabolites from 298 subjects. The modeling showed that the oxidative bioactivation to hepatotoxic metabolite N-acetyl-p-benzoquinone imine (NAPQI) is generally around 10% of the total clearance. We would like to comment on the authors' discussion on the formation of NAPQI, which highlights once again the main role of CYP2E1 in the oxidative bioactivation metabolism of paracetamol. CYP2E1 was demonstrated as a primary catalyst in the bioactivation of paracetamol, referring only to the paper of Johnsrud et al, that describes only the developmental phase of CYP2E1 in man.",2026-05-01,,"Pasanen M, Juvonen RO.",,Y
PPR1280918,PPR,,,10.64898/2026.07.15.26358127,Reconsidering the case against risk prediction in self-harm: routinely collected health data distinguishes groups at higher and lower risk of adverse outcomes following paracetamol overdose,"Background UK clinical guidance recommends that structured risk prediction tools and risk stratification should not be used in self-harm, to predict suicide or determine who is offered treatment. Underpinning this position is the premise that routinely collected health data contain no useful predictive signal, which has received little direct scrutiny. Objective To test whether routinely collected electronic health record data can distinguish groups at higher and lower risk of severe outcomes following paracetamol overdose. Methods We analysed 4,095 adults presenting to NHS Lothian emergency departments with paracetamol overdose (2017-2023). Elastic-net logistic regression was fitted to 37 routinely collected electronic health record features to predict a composite of death or mental health inpatient admission at 0-7, 8-30 and 31-365 days following attendance, evaluated on a held-out 20% test set with bootstrapping. Findings Events occurred in 5.5% of patients at 0-7 days, 2.0% at 8-30 days and 7.9% at 31-365 days, dominated by mental health admission. Bootstrap AUROC 95% confidence intervals lay above 0.5 in every window (0.65-0.82, 0.63-0.90, 0.71-0.85): models ranked patients better than chance. Calibration slopes (1.04, 1.14, 1.07) were close to one. Ranking drew primarily on mental health-related features. Conclusions Routinely collected health data carried predictive signal for severe outcomes after paracetamol overdose, although discrimination fell short of what is needed for individual-level clinical use. Clinical implications These models are not proposed for clinical deployment; however, treating risk prediction as a settled question will redirect research efforts, potentially excluding this patient population from machine learning advances driving improvements in care in other medical specialties. Summary box What is already known on this topic NICE NG225 (2022), NHS England’s Staying Safe from Suicide framework (2025) and NCISH guidance (2024) recommend against structured risk prediction in self-harm, both for predicting suicide or repetition and for allocating treatment. An increasingly common reading of the underpinning literature is that routinely collected health data contain no useful predictive signal in this population. Evaluations of this claim in large-scale UK linked healthcare datasets remain scarce. What this study adds In a whole-population cohort of adults attending emergency departments with paracetamol overdose, models using 37 structured electronic health record features separated groups at higher and lower risk of all-cause mortality or mental health admission across all three time horizons, with calibration slopes close to one. Discriminative signal was carried primarily by mental health-related features rather than demographics. Useful predictive signal is therefore recoverable from routinely collected UK healthcare data in this population. How this study might affect research, practice or policy These findings are not evidence that suicide can be predicted at the individual level, and the models are not proposed for clinical use. They do, however, indicate that the empirical question underlying current guidance remains open, and should stay subject to scientific enquiry and to revision if sufficiently robust models emerge. Future research should expand the feature space beyond structured records, particularly into clinical free text, where the information on which psychosocial assessment relies already resides.",2026-07-17,,"Oxley J, Schölin L, Brennan G, Anand A, Brett J, Eddleston M, Humphries C.",,Y
42355490,MED,42355490,,10.3390/life16060962,Short- and Mid-Term Outcomes of Fixed-Dose Tramadol/Paracetamol in Early-Stage Symptomatic Knee Osteoarthritis: A Single-Center Retrospective Observational Extension Study.,"Background: A previous short-term retrospective analysis from our center suggested early improvement in pain, function, and sleep outcomes after fixed-dose tramadol/paracetamol therapy in patients with early-stage symptomatic knee osteoarthritis (KOA). However, the durability of these outcomes beyond the initial treatment phase remains insufficiently described in routine clinical practice. Objective: To describe short- and mid-term patient-reported outcomes and safety during extended follow-up in adults with symptomatic KOA treated with fixed-dose tramadol/paracetamol in routine outpatient care. Methods: This single-center retrospective observational extension study analyzed a fixed cohort of 30 adults with symptomatic knee osteoarthritis and Kellgren-Lawrence grade I-II treated with fixed-dose tramadol/paracetamol in routine outpatient care. Patients were evaluated at baseline (T0), 15 days (D15), 3 months (M3), and 6 months (M6), where evaluable follow-up data were available. The primary outcome was change in pain intensity measured by the Numeric Rating Scale (NRS). Secondary outcomes included WOMAC total and subscale scores, Pittsburgh Sleep Quality Index (PSQI) score, adverse events, and treatment discontinuation. Results: Patients had a mean age of 64.8 ± 9.6 years and a mean BMI of 27.3 ± 5.0 kg/m 2 . NRS pain improved from a median of 6.0 (5.0-7.0) at baseline to 4.0 (2.0-5.3) at D15 and 3.0 (2.0-5.0) at both M3 and M6. WOMAC total score improved from 47.8 ± 12.8 at baseline to 35.6 ± 13.8 at D15, 33.8 ± 13.6 at M3, and 33.9 ± 13.5 at M6. Sleep score improved from 9.5 (7.0-15.0) at baseline to 7.0 (5.0-9.0) at D15 and remained improved at M3 and M6. Mild adverse events were reported in 10.0% of patients, and discontinuation occurred in 6.7%. Conclusions: In this small, uncontrolled, single-center retrospective cohort of adults with early-stage symptomatic KOA, fixed-dose tramadol/paracetamol was associated with early improvement in pain, WOMAC outcomes, and sleep, with group-level benefits remaining evident through 6 months. These findings should be considered exploratory and hypothesis-generating rather than comparative evidence of effectiveness. Larger controlled studies are needed to confirm durability, comparative benefit, and long-term safety.",2026-06-08,,"Cipolloni V, Bonifacio M, Musorrofiti MG, Saggini R, Caldarola A, Grossi G, Piazza R, Mangrella M, Trastulli D, Conforti A.",,N
42356443,MED,42356443,,10.3390/ph19060824,Impact of CYP2E1 Polymorphisms on Preoperative Paracetamol Analgesic Response in Patients with Lower Extremity Fractures.,"Background : Paracetamol is widely used for acute pain management in orthopedic trauma; however, interindividual variability in analgesic response remains insufficiently understood. Cytochrome P450 2E1 (CYP2E1), a key enzyme involved in paracetamol metabolism and the formation of the toxic metabolite N-acetyl-p-benzoquinone imine (NAPQI), may contribute to this variability. This study aimed to investigate the relationship between CYP2E1 gene polymorphisms and the analgesic efficacy of paracetamol in patients with lower extremity fractures. Methods : A total of 127 patients with lower extremity fractures and 100 healthy controls were included. All patients received 1000 mg of intravenous paracetamol. Pain intensity was assessed using the Visual Analog Scale (VAS) at baseline and at 30, 60, and 120 min after administration. Genotyping of CYP2E1 polymorphisms (*1A, *5B, *6, and *7B) was performed using PCR-RFLP. Differences in the VAS scores and analgesic response were analyzed according to genotype. Results : Paracetamol administration resulted in a significant reduction in pain scores at all time points ( p p ≤ 0.001). Similarly, CYP2E11A carriers demonstrated higher pain scores across all time points ( p Conclusions : Paracetamol is an effective analgesic in patients with lower extremity fractures; however, CYP2E1 polymorphisms may modulate individual pain perception and early analgesic response. In particular, the *5B and, to a lesser extent, *1A variants are associated with higher pain scores. These findings support the potential role of pharmacogenetic approaches in personalized pain management.",2026-05-25,,"Kocabay B, Ök N, Kocabay SY, Ök ZD, Yörükoğlu AÇ, Lengerova G, Bozhkova M, Petrov S, Köseler A.",,N
42199875,MED,42199875,PMC13199608,10.2147/copd.s586858,Genetically Predicted Use of Common Analgesics and Risk of Chronic Obstructive Pulmonary Disease: A Bidirectional Mendelian Randomization Study.,"Background Observational studies suggest a link between common analgesic use and chronic obstructive pulmonary disease (COPD), but causality is unclear. This study aimed to investigate the bidirectional causal relationship between the genetically predicted use of paracetamol, aspirin, and ibuprofen, and COPD risk using a two-sample Mendelian randomization (MR) approach. Methods We performed a bidirectional MR study using summary statistics from large-scale genome-wide association studies (GWAS). Genetic instruments for paracetamol, aspirin, and ibuprofen use were from the UK Biobank (N=457,547). COPD summary statistics were from the FinnGen consortium (24,138 cases, 409,070 controls). The primary analysis used the inverse-variance weighted (IVW) method. We conducted extensive sensitivity analyses (MR-Egger, weighted median, weighted mode, MR-PRESSO) to assess pleiotropy and heterogeneity. Results Genetically predicted paracetamol use was significantly associated with an increased risk of COPD (IVW OR: 6.00, 95% CI: 2.43-14.82, P 0.05). Sensitivity analyses supported the robustness of these findings, showing no significant directional pleiotropy or heterogeneity for the primary results. Conclusion This MR study provides genetic evidence supporting a causal relationship between paracetamol use and an increased risk of COPD, and between aspirin use and a decreased risk. These findings suggest that the choice of analgesic may have important implications for COPD risk, warranting further clinical investigation.",2026-05-20,,"Chen G, You W.",,Y
42117581,MED,42117581,,10.1002/jhm.70347,Associations between paracetamol administration and delayed intravenous antibiotic administration among patients with in-hospital sepsis.,"Background Timely antibiotic administration is crucial for improving sepsis outcomes, but delays are common and multifactorial. Fever, a key feature of sepsis, is often treated with paracetamol, which may mask the condition and contribute to delays in time to antibiotic. Objective This study investigated the association between paracetamol and delayed antibiotic administration in hospitalized septic patients. Methods This was a retrospective study using data from a prospectively collected sepsis registry. The study was conducted at Songklanagarind Hospital, a quaternary care university-affiliated hospital in southern Thailand. Adult patients (≥15 years) admitted for ≥24 h who developed suspected sepsis between March 2023 and March 2024. Suspected sepsis was defined by a high National Early Warning Score (NEWS). We recorded paracetamol administration within 8 hours prior to the sepsis trigger (time zero). The primary outcome was the delay of ≥180 min from time zero to antibiotic administration. Logistic regression was used to assess the associations, adjusting for confounders. Results Among the 1634 sepsis events, 12.5% involved prior paracetamol use. Paracetamol administration was not associated with increased odds of delayed antibiotic treatment (adjusted odds ratio 1.29, 95% confidence interval 0.94-1.78, p = .12). It also did not affect the temperature trajectories. Higher temperature was associated with lower in-hospital mortality in patients who did not receive paracetamol but this association was reversed in those receiving paracetamol. Conclusion In this study, paracetamol administration before a sepsis alert was not associated with a delay in antibiotic administration and did not affect temperature changes.",2026-05-12,,"Senangkhanikorn S, Morapun N, Samansee A, Suntudkan S, Donraman T, Vichitkunakorn P, Assanangkornchai N.",,N
42063317,MED,42063317,,10.1111/avj.70076,Paracetamol prescribing to small animals by veterinarians in Australia and New Zealand.,"Objective To describe the prescribing patterns of paracetamol by veterinarians in Australia and New Zealand. Methods An online survey was created and distributed to veterinarians in Australia and New Zealand over a 3-month period (July-October 2024). Survey questions addressed the respondent's veterinary education and qualifications, career history, paracetamol prescription characteristics and personal perceptions on paracetamol usage in small animals. Results A total of 1035 veterinarians completed the survey, with responses from 1025 participants included in the analysis. Most veterinarians (991/1022, 97.0%) reported having prescribed or recommended paracetamol for use in small animals, most commonly for dogs (980/985, 99.5%). This proportion did not differ significantly between veterinarians with postgraduate qualifications (384/395; 97.2%) and those without (607/627; 96.8%) (P = 0.86, chi-square test). Most respondents (80.9%) indicated they were more likely to prescribe paracetamol now compared to a decade ago. Most respondents reported prescribing paracetamol twice daily: 545/900 (55.1%) at 10 mg/kg, 350 (35.4%) at 15 mg/kg and 95 (9.6%) at 20 mg/kg. More veterinarians reported prescribing paracetamol as an analgesic 987/990 (99.7%) than as an antipyretic 314 (31.7%). Prescription of paracetamol for both acute and chronic pain was reported by most veterinarians 778/984 (79.1%). 96.5% of veterinarians reported not observing adverse effects when prescribing paracetamol. Conclusion The majority of veterinarians responding to our survey prescribe paracetamol to dogs and generally perceived it as safe. Nonetheless, the widespread prescribing of paracetamol among veterinarians in Australia and New Zealand should not be interpreted as an endorsement of use or proof of efficacy for analgesia in dogs. Isolated reports of prescription to cats suggest areas where further education is warranted given the risk of life-threatening paracetamol toxicity in cats.",2026-05-01,,"Tse A, Chee W, Boyd CJ, Sharp CR.",,N
42023955,MED,42023955,PMC13104796,10.1002/hup.70043,Psychopathological Concomitants and Motivations Related to Misuse of Non-Steroidal Anti-Inflammatory Drugs and Paracetamol.,"Introduction Non-steroidal anti-inflammatory drugs (NSAIDs) and paracetamol are among the most commonly used medications worldwide. It has been suggested that the misuse of such medications is not uncommon. The objective of the present research was to explore prevalence, reported reasons and psychopathological concomitants related to NSAIDs/paracetamol misuse in a sample of users. Methods The sample was made of 346 NSAIDs or paracetamol users (age range: 18-64 years); assessments included the 4-item Perceived Stress Scale (PSS-4), the 10-item version of the Adverse Childhood Experiences International Questionnaire (ACE-IQ-10), the Body Image Concern Inventory (BICI), the Alcohol Use Disorders Identification Test-C (AUDIT-C), and questions related to NSAIDs/paracetamol misuse. Results Forty-eight individuals (13.9%) were categorized as NSAIDs/paracetamol misusers. A logistic regression model showed that higher scores in AUDIT-C, BICI and ACE-IQ-10, and the use of psychiatric medications, were significantly associated with the likelihood of NSAIDs/paracetamol misuse. Specific reasons related to the misuse are also reported. Discussion Our findings provide novel insights into the relationship between NSAIDs/paracetamol misuse and psychopathology, with potential clinical implications for prevention and treatment.",2026-05-01,,"Bersani FS, Prevete E, Accinni T, Montaldo S, Pinucci I, Maraone A, Tarsitani L, Pasquini M, Imperatori C.",,Y
42312167,MED,42312167,PMC13270365,10.1021/acsptsci.6c00069,Interaction between Paracetamol Glucuronide and a Glucose-Sensitive Insulin Molecule (NNC2215): Increased Risk of Hypoglycemia.,"NNC2215 is an insulin analog with glucose-sensitive properties on activation of the insulin receptor. In NNC2215, a glucoside and a macrocycle with strong affinity to glucose were conjugated to insulin. This introduced a switch that is open (activated) or closed (inactivated) at high or low glucose, respectively. The current study investigated the interaction between NNC2215 and paracetamol glucuronide (PaG), a major human metabolite of paracetamol. Interactions between PaG or d-glucose and NNC2215 were investigated using native mass spectrometry and insulin receptor binding studies in vitro. Interactions between PaG or l-glucose and NNC2215 were studied during glucose clamp conditions in domestic pigs. NNC2215 bound >10-fold stronger to PaG than to d-glucose in vitro. At a clinically relevant PaG concentration (70 μmol/L), the binding affinity of NNC2215 to the insulin receptor was increased, particularly at low glucose concentrations. In the clamp experiment, intravenous administration of 2.0 g PaG versus 0.3 g/kg l-glucose led to a similar glucodynamic effect. These data demonstrate a relevant interaction between PaG and NNC2215, potentially introducing hypoglycemia risk with NNC2215 versus nonglucose-sensitive insulin after paracetamol administration. When engineering a glucose-sensitive insulin, it should be considered whether molecules other than glucose can alter the insulin activity.",2026-05-14,,"Sturis J, Alifrangis L, Nielsen PK, Lykke L, Björkbom A, Hvidt M, Brand CL, Kruse T, Johansson E, Granata D, Petersen BO, Rodríguez D, Madsen AR, Halskov KS, Hansen A, Koščová S, Kotek V, Tarus V, Fels JJ, Niclasen AV, Chapman A, Sauerberg P, Slaaby R.",,Y
42179866,MED,42179866,PMC13195301,10.1093/hropen/hoag037,"Paracetamol exposure during pregnancy, the risk of major congenital malformations, and perinatal and postnatal outcomes: a population-based cohort study.","Study question Is maternal paracetamol exposure during the first and third trimesters of pregnancy associated with major congenital malformations and adverse perinatal and postnatal outcomes? Summary answer Maternal paracetamol use during the first or third trimester was not associated with major congenital malformations or adverse perinatal and postnatal outcomes. What is known already Paracetamol is the most commonly used analgesic and antipyretic during pregnancy and has long been considered safe. However, recent concerns have been raised regarding potential fetal and perinatal risks, with inconsistent findings across studies. Study design size duration In this population-based retrospective study, the cohort included 265 143 singleton pregnancies resulting in delivery or elective termination at a single tertiary medical center between 1998 and 2018. Separate analytic cohorts comprised 264 858 pregnancies for first-trimester analyses and 257 285 pregnancies for third-trimester analyses. Follow-up extended through delivery and the first year of life for congenital malformation ascertainment. There was no loss to follow-up for primary outcomes due to complete registry linkage. Participants/materials setting methods All singleton pregnancies among women aged 15-45 years, insured by a regional health maintenance organization and managed at a tertiary university medical center, were included. Pregnancies with chromosomal or genetic abnormalities, teratogenic drug exposure, or multiple gestations were excluded. Paracetamol exposure (prescription and over-the-counter dispensations) was assessed separately for the first trimester (≤13 weeks) and third trimester (≥27 weeks) and categorized by total defined daily doses. Exposed and unexposed pregnancies were compared using multivariable Poisson regression and propensity score-based generalized full matching. Matching incorporated maternal demographics, comorbidities, pregnancy characteristics, and indications for paracetamol use. After matching, covariate balance was achieved (standardized mean differences Main results and the role of chance During the first trimester, paracetamol exposure was recorded in 41 011 pregnancies (15.5%); major congenital malformations occurred in 7.9% of exposed versus 6.9% of unexposed pregnancies (crude RR 1.14; 95% CI, 1.1-1.18), with no association after matching (adjusted RR 1.04; 95% CI, 0.98-1.10) and no associations with organ-specific malformations. Third-trimester exposure was recorded in 36 375 pregnancies (14.1%) and was not associated, in the matched analyses, with preterm birth, low or very low birth weight, perinatal death, low Apgar scores, or markers of premature ductus arteriosus closure or neonatal renal impairment. Dose-response and sensitivity analyses showed no evidence of increased risk, and the results were robust to plausible levels of exposure misclassification. Limitations reasons for caution Paracetamol exposure was based on dispensation rather than confirmed intake, and miscarriages were not captured. Exposure misclassification due to unrecorded over-the-counter use is possible; however, sensitivity analyses suggest it is unlikely to materially affect the findings. Wider implications of the findings These findings are consistent with large cohort studies and contribute to the evidence supporting the relative safety of paracetamol use during early and late pregnancy. Study funding/competing interests No funding was received for this study. All authors have no conflicts of interest to declare. Trial registration number N/A.",2026-04-29,,"Idan D, Hasidim AA, Ben Shitrit I, Michael T, Levy A, Pariente G, Lunenfeld E, Daniel S.",,Y
42543224,MED,42543224,,10.1002/bdr2.70104,Maternal and Early Developmental Effects of Perinatal Exposure to Therapeutically Relevant Doses of Common Nonsteroidal Anti-Inflammatory Drugs in Rats.,"Background Nonsteroidal anti-inflammatory drugs (NSAIDs) are widely used during pregnancy, yet information on their developmental safety during sensitive perinatal windows remains limited. This study evaluated the maternal and early developmental effects of paracetamol/acetaminophen, aspirin, and nimesulide administered at therapeutically relevant doses during late gestation and lactation. Methods Pregnant Wistar rats were treated daily by oral gavage with paracetamol/acetaminophen (APAP; 126 mg/kg/day), aspirin (ASA; 5.6 mg/kg/day), or nimesulide (NIM; 11 mg/kg/day) from gestational day 15 to postnatal day 22. Maternal clinical parameters, body weight, food and water intake, organ weights, hematological and biochemical markers, and maternal behavior were evaluated. In F1 offspring, early developmental indicators, anogenital distance, sexual maturation endpoints, reproductive organ weights, and hematological parameters were assessed. Results Exposure to the evaluated NSAIDs produced little evidence of overt maternal toxicity. Maternal body weight, food and water intake, gestational length, and most organ weights remained unchanged. Mild hematological and biochemical alterations were observed, particularly in NIM-treated dams. Maternal behavior was largely preserved, although APAP-treated dams showed reduced latency to initiate pup grooming. In offspring, anogenital distance and female reproductive maturation were unaffected. Male offspring exposed to APAP showed earlier testicular descent, whereas ASA exposure was associated with increased seminal vesicle weight. These findings were isolated and were not associated with a consistent pattern of reproductive alterations. Conclusion Perinatal exposure to therapeutically relevant doses of paracetamol/acetaminophen, aspirin, and nimesulide produced little evidence of overt maternal or developmental toxicity during the evaluated period. Although a limited number of drug-specific findings were identified, they were isolated and did not indicate a consistent pattern of reproductive toxicity. These results contribute to the preclinical safety assessment of NSAID exposure during pregnancy and lactation and support further studies to determine the functional relevance of these early observations.",2026-08-01,,"Dos Santos STC, Castro RLM, Magalhães L, Rosalem GF, de Aquino JVF, Vitale OG, Nagaoka LT, Stein J, de Matos Manoel B, Jorge BC, Arena AC.",,N
