paper_id,title,publication_date,doi,pmid,subject,subject_type,subject_confidence,relation,relation_confidence,object,object_type,object_confidence,sentence
42532077,Metformin added to lifestyle intervention for physical function in older adults with obesity (DEMFOS trial): a randomised controlled trial.,2027-07-01,10.1016/j.lanhl.2026.100883,42532077,metformin,Chemical,0.9984059929847717,treats,0.9880560636520386,obesity,Disease,0.9892910122871399,Metformin added to lifestyle intervention for physical function in older adults with obesity (DEMFOS trial): a randomised controlled trial..
42532078,Adjunctive metformin for obesity and frailty in older people-puncturing inflated expectations?,2027-07-01,10.1016/j.lanhl.2026.100890,42532078,metformin,Chemical,0.9985606074333191,treats,0.9934855103492737,obesity,Disease,0.9942637085914612,Adjunctive metformin for obesity and frailty in older people-puncturing inflated expectations?.
42532078,Adjunctive metformin for obesity and frailty in older people-puncturing inflated expectations?,2027-07-01,10.1016/j.lanhl.2026.100890,42532078,metformin,Chemical,0.9985606074333191,treats,0.9905363917350769,frailty,Disease,0.992362380027771,Adjunctive metformin for obesity and frailty in older people-puncturing inflated expectations?.
PPR1294102,Randomized metformin and cognitive outcomes in the Diabetes Prevention Program Outcomes Study,2026-08-07,10.64898/2026.08.05.26359234,,metformin,Chemical,0.9983620047569275,treats,0.9003170728683472,diabetes,Disease,0.8852533102035522,Randomized metformin and cognitive outcomes in the Diabetes Prevention Program Outcomes Study.
42528302,Impact of Metformin Use on Clinical and Pathological Outcomes in Breast Cancer Patients With Type 2 Diabetes.,2026-08-01,10.1002/cnr2.70631,42528302,metformin,Chemical,0.9980999827384949,treats,0.8487040400505066,breast cancer,Disease,0.9955474138259888,Impact of Metformin Use on Clinical and Pathological Outcomes in Breast Cancer Patients With Type 2 Diabetes..
42587816,Metformin Inhibits Cardiac Fibroblast Differentiation by Promoting Fatty Acid β-Oxidation: Implications for Age-Associated Cardiac Fibrosis.,2026-08-04,10.3390/cells15151408,42587816,metformin,Chemical,0.9983365535736084,inhibits,0.8844128251075745,cardiac fibrosis,Disease,0.8787198066711426,Metformin Inhibits Cardiac Fibroblast Differentiation by Promoting Fatty Acid β-Oxidation: Implications for Age-Associated Cardiac Fibrosis..
42592843,Impact of Oral Contraceptives and Metformin on Advanced Lipid Phenotyping in PCOS.,2026-08-13,10.1093/ejendo/lvag149,42592843,metformin,Chemical,0.9975588321685791,affects_efficacy_of,0.7482094168663025,pcos,Disease,0.9905469417572021,Impact of Oral Contraceptives and Metformin on Advanced Lipid Phenotyping in PCOS..
42592843,Impact of Oral Contraceptives and Metformin on Advanced Lipid Phenotyping in PCOS.,2026-08-13,10.1093/ejendo/lvag149,42592843,oral contraceptives,Chemical,0.9928456544876099,treats,0.7142592668533325,pcos,Disease,0.9905469417572021,Impact of Oral Contraceptives and Metformin on Advanced Lipid Phenotyping in PCOS..
PPR1288130,A Randomized Clinical Trial of Metformin to Reduce Frailty in Older Adults with Glucose Intolerance,2026-07-28,10.64898/2026.07.27.26359055,,metformin,Chemical,0.9981346130371094,treats,0.9325709342956543,frailty,Disease,0.9838111996650696,A Randomized Clinical Trial of Metformin to Reduce Frailty in Older Adults with Glucose Intolerance.
PPR1288130,A Randomized Clinical Trial of Metformin to Reduce Frailty in Older Adults with Glucose Intolerance,2026-07-28,10.64898/2026.07.27.26359055,,metformin,Chemical,0.9981346130371094,treats,0.9363960027694702,glucose intolerance,Disease,0.9910554885864258,A Randomized Clinical Trial of Metformin to Reduce Frailty in Older Adults with Glucose Intolerance.
42570748,The effects of Metformin on myocardial ischemia and reperfusion injury in diabetic rats and its potential mechanism.,2026-08-08,10.1016/j.cellsig.2026.112802,42570748,metformin,Chemical,0.9984570741653442,treats,0.9406152367591858,myocardial ischemia and reperfusion injury,Disease,0.9839722514152527,The effects of Metformin on myocardial ischemia and reperfusion injury in diabetic rats and its potential mechanism..
42604858,Adjunctive metformin therapy in type 1 diabetes in pregnancy: insights from an Australian cohort.,2026-08-16,10.1111/imj.70607,42604858,metformin,Chemical,0.998561680316925,treats,0.989905059337616,type 1 diabetes,Disease,0.9930923581123352,Adjunctive metformin therapy in type 1 diabetes in pregnancy: insights from an Australian cohort..
42555357,The coordinated actions of metformin in the intestine and liver improves hyperglycemia.,2026-08-05,10.1016/j.celrep.2026.117791,42555357,metformin,Chemical,0.9984588623046875,treats,0.797653079032898,hyperglycemia,Disease,0.9939686059951782,The coordinated actions of metformin in the intestine and liver improves hyperglycemia..
42487515,Evidence of a Protective Effect of Metformin on Abdominal Aortic Aneurysm Risk: Insights From an Observational Study and Mendelian Randomisation Analysis Using Putative Metformin Targets.,2026-07-23,10.1111/ahg.70049,42487515,metformin,Chemical,0.9983106851577759,prevents,0.9746763110160828,abdominal aortic aneurysm,Disease,0.9902819991111755,Evidence of a Protective Effect of Metformin on Abdominal Aortic Aneurysm Risk: Insights From an Observational Study and Mendelian Randomisation Analysis Using Putative Metformin Targets..
42595760,Metformin improves chronic rhinosinusitis with depressive-like behavior in mice by targeting TCF4 to inhibit the TLR4/NF-κB pathway.,2026-08-13,10.1038/s41598-026-51321-4,42595760,metformin,Chemical,0.9981985688209534,treats,0.9755503535270691,chronic rhinosinusitis,Disease,0.9882411956787109,Metformin improves chronic rhinosinusitis with depressive-like behavior in mice by targeting TCF4 to inhibit the TLR4/NF-κB pathway..
42581008,Association Between Metformin Use and Risk of Lung Cancer in Patients With Type 2 Diabetes: A Systematic Review and Meta-Analysis.,2026-08-01,10.1002/cnr2.70651,42581008,metformin,Chemical,0.9984251260757446,affects_efficacy_of,0.7442057132720947,lung cancer,Disease,0.9948526620864868,Association Between Metformin Use and Risk of Lung Cancer in Patients With Type 2 Diabetes: A Systematic Review and Meta-Analysis..
42581008,Association Between Metformin Use and Risk of Lung Cancer in Patients With Type 2 Diabetes: A Systematic Review and Meta-Analysis.,2026-08-01,10.1002/cnr2.70651,42581008,metformin,Chemical,0.9984251260757446,treats,0.7723366618156433,type 2 diabetes,Disease,0.9944356083869934,Association Between Metformin Use and Risk of Lung Cancer in Patients With Type 2 Diabetes: A Systematic Review and Meta-Analysis..
42560062,"The effect of metformin on the pharmacokinetics of rifampicin, isoniazid, and pyrazinamide in adults with tuberculosis.",2026-08-06,10.1128/aac.00748-26,42560062,pyrazinamide,Chemical,0.996123731136322,treats,0.757438600063324,tuberculosis,Disease,0.9928204417228699,"The effect of metformin on the pharmacokinetics of rifampicin, isoniazid, and pyrazinamide in adults with tuberculosis.."
